,ID,First Name,Last Name,Position,Team,Opponent,Game,Time,Salary,FPPG,Injury Status,Starting,date,parsed_id,Home_Game,full_name,ORTG,DRTG,Opponent_ORTG,Opponent_DRTG,W,Opponent_W,L,Opponent_L,PW,Opponent_PW,PL,Opponent_PL,MOV,Opponent_MOV,SOS,Opponent_SOS,SRS,Opponent_SRS,ORtg,Opponent_ORtg,DRtg,Opponent_DRtg,Pace,Opponent_Pace,FTr,Opponent_FTr,3PAr,Opponent_3PAr,eFG%,Opponent_eFG%,TOV%,Opponent_TOV%,ORB%,Opponent_ORB%,FT/FGA,Opponent_FT/FGA,DRB%,Opponent_DRB%,ARENA,Opponent_ARENA,ATTENDANCE,Opponent_ATTENDANCE,player_id,position_type,PTS,REB,AST,ST,BLK,TO,total_points,FPPG_std,FPS1,FPS2,FPS3,FPS4,FPS5,C,PF,PG,SF,SG,U,F,G,FPPG_lowerbound,FPPG_upperbound,weighted_FPS,Home_Modifier,Opponent_Modifier,Team_Modifier,Pace_Modifier,Team_Odds,Opponent_Odds,Adjusted_Team_Odds,Adjusted_Opponent_Odds,Normalized_Team_Odds,Normalized_Opponent_Odds,Value_Score,log_Value_Score_with_std
0,nba.p.4660,Patty,Mills,PG,UTA,SA,UTA@SA,5:00PM EST,10,9.1, , ,2024-11-09,4660,0,Patty Mills,103.27,118.86,109.59,111.72,1.0,4.0,7.0,5.0,1.0,4.0,7.0,5.0,-15.75,-2.22,1.12,3.58,-14.63,1.35,103.3,109.4,118.9,111.7,100.9,96.8,0.31,0.235,0.442,0.427,0.551,0.526,11.1,12.3,26.9,27.0,0.171,0.158,71.8,75.1,Delta Center,Frost Bank Center,72700.0,71611.0,4660,P,3.4,0.9,1.6,0.8,0.3,0.8,9.38,4.927020977658377,14.2,14.7,3.2,11.7,7.2,False,False,True,False,False,True,False,True,4.1729790223416225,14.027020977658378,15.725000000000001,0.95,1.0,1.0327,0.9884999999999999,3.101,1.391,0.32247662044501774,0.7189072609633357,0.35859400193485974,0.7994248741912293,0.43716540652207775,-1.4168490162216802
1,nba.p.5357,Jordan,Clarkson,SG,UTA,SA,UTA@SA,5:00PM EST,25,22.2, , ,2024-11-09,5357,0,Jordan Clarkson,103.27,118.86,109.59,111.72,1.0,4.0,7.0,5.0,1.0,4.0,7.0,5.0,-15.75,-2.22,1.12,3.58,-14.63,1.35,103.3,109.4,118.9,111.7,100.9,96.8,0.31,0.235,0.442,0.427,0.551,0.526,11.1,12.3,26.9,27.0,0.171,0.158,71.8,75.1,Delta Center,Frost Bank Center,72700.0,71611.0,5357,P,13.8,3.8,3.2,0.3,0.2,2.5,22.16,9.215078223578281,21.8,11.1,30.5,22.0,13.2,False,False,False,False,True,True,False,True,12.984921776421718,31.41507822357828,27.965,0.95,1.0,1.0327,0.9884999999999999,3.101,1.391,0.32247662044501774,0.7189072609633357,0.35859400193485974,0.7994248741912293,0.3109782026935428,-2.0530913077871085
2,nba.p.5769,Lauri,Markkanen,SF,UTA,SA,UTA@SA,5:00PM EST,39,27.9, , ,2024-11-09,5769,0,Lauri Markkanen,103.27,118.86,109.59,111.72,1.0,4.0,7.0,5.0,1.0,4.0,7.0,5.0,-15.75,-2.22,1.12,3.58,-14.63,1.35,103.3,109.4,118.9,111.7,100.9,96.8,0.31,0.235,0.442,0.427,0.551,0.526,11.1,12.3,26.9,27.0,0.171,0.158,71.8,75.1,Delta Center,Frost Bank Center,72700.0,71611.0,5769,P,16.0,7.2,2.2,0.6,0.0,1.8,27.94,13.05365849101316,26.4,10.1,29.799999999999997,26.6,46.8,False,False,False,True,False,True,True,False,14.84634150898684,40.95365849101316,40.94,0.95,1.0,1.0327,0.9884999999999999,3.101,1.391,0.32247662044501774,0.7189072609633357,0.35859400193485974,0.7994248741912293,0.29183566496292623,-2.3868185497340026
3,nba.p.5832,John,Collins,PF,UTA,SA,UTA@SA,5:00PM EST,28,30.9, , ,2024-11-09,5832,0,John Collins,103.27,118.86,109.59,111.72,1.0,4.0,7.0,5.0,1.0,4.0,7.0,5.0,-15.75,-2.22,1.12,3.58,-14.63,1.35,103.3,109.4,118.9,111.7,100.9,96.8,0.31,0.235,0.442,0.427,0.551,0.526,11.1,12.3,26.9,27.0,0.171,0.158,71.8,75.1,Delta Center,Frost Bank Center,72700.0,71611.0,5832,P,15.9,7.1,2.6,0.8,0.9,2.4,31.02,11.511601291119941,12.1,52.1,32.5,35.7,30.4,False,True,False,False,False,True,True,False,19.388398708880057,42.411601291119936,44.56,0.95,1.0,1.0327,0.9884999999999999,3.101,1.391,0.32247662044501774,0.7189072609633357,0.35859400193485974,0.7994248741912293,0.4424276746451007,-2.160328737927379
4,nba.p.6019,Collin,Sexton,PG,UTA,SA,UTA@SA,5:00PM EST,30,22.7, , ,2024-11-09,6019,0,Collin Sexton,103.27,118.86,109.59,111.72,1.0,4.0,7.0,5.0,1.0,4.0,7.0,5.0,-15.75,-2.22,1.12,3.58,-14.63,1.35,103.3,109.4,118.9,111.7,100.9,96.8,0.31,0.235,0.442,0.427,0.551,0.526,11.1,12.3,26.9,27.0,0.171,0.158,71.8,75.1,Delta Center,Frost Bank Center,72700.0,71611.0,6019,P,14.9,2.3,3.3,0.8,0.3,2.8,23.11,11.136939820768925,23.9,38.9,16.2,29.1,4.9,False,False,True,False,False,True,False,True,11.563060179231075,33.836939820768926,33.34,0.95,1.0,1.0327,0.9884999999999999,3.101,1.391,0.32247662044501774,0.7189072609633357,0.35859400193485974,0.7994248741912293,0.3089580212707169,-2.227022262681964
5,nba.p.6058,Svi,Mykhailiuk,SG,UTA,SA,UTA@SA,5:00PM EST,10,11.2, , ,2024-11-09,6058,0,Svi Mykhailiuk,103.27,118.86,109.59,111.72,1.0,4.0,7.0,5.0,1.0,4.0,7.0,5.0,-15.75,-2.22,1.12,3.58,-14.63,1.35,103.3,109.4,118.9,111.7,100.9,96.8,0.31,0.235,0.442,0.427,0.551,0.526,11.1,12.3,26.9,27.0,0.171,0.158,71.8,75.1,Delta Center,Frost Bank Center,72700.0,71611.0,6058,P,6.0,1.0,2.0,1.0,0.0,2.0,11.2,,,,,,,False,False,False,False,True,True,False,True,,,,0.95,1.0,1.0327,0.9884999999999999,3.101,1.391,0.32247662044501774,0.7189072609633357,0.35859400193485974,0.7994248741912293,,
6,nba.p.6109,Drew,Eubanks,C,UTA,SA,UTA@SA,5:00PM EST,12,12.3, , ,2024-11-09,6109,0,Drew Eubanks,103.27,118.86,109.59,111.72,1.0,4.0,7.0,5.0,1.0,4.0,7.0,5.0,-15.75,-2.22,1.12,3.58,-14.63,1.35,103.3,109.4,118.9,111.7,100.9,96.8,0.31,0.235,0.442,0.427,0.551,0.526,11.1,12.3,26.9,27.0,0.171,0.158,71.8,75.1,Delta Center,Frost Bank Center,72700.0,71611.0,6109,P,3.8,4.2,1.3,0.2,0.7,1.0,12.49,6.279702753050232,14.4,10.3,20.7,16.5,2.7,True,False,False,False,False,True,False,False,6.020297246949768,18.579702753050235,17.135,0.95,1.0,1.0327,0.9884999999999999,3.101,1.391,0.32247662044501774,0.7189072609633357,0.35859400193485974,0.7994248741912293,0.3969702830289242,-1.6507842226922098
7,nba.p.6575,Jason,Preston,PG,UTA,SA,UTA@SA,5:00PM EST,10,9.1, , ,2024-11-09,6575,0,Jason Preston,103.27,118.86,109.59,111.72,1.0,4.0,7.0,5.0,1.0,4.0,7.0,5.0,-15.75,-2.22,1.12,3.58,-14.63,1.35,103.3,109.4,118.9,111.7,100.9,96.8,0.31,0.235,0.442,0.427,0.551,0.526,11.1,12.3,26.9,27.0,0.171,0.158,71.8,75.1,Delta Center,Frost Bank Center,72700.0,71611.0,6575,P,,,,,,,0.0,,,,,,,False,False,True,False,False,True,False,True,,,,0.95,1.0,1.0327,0.9884999999999999,3.101,1.391,0.32247662044501774,0.7189072609633357,0.35859400193485974,0.7994248741912293,,
8,nba.p.6655,Micah,Potter,PF,UTA,SA,UTA@SA,5:00PM EST,10,8.7, , ,2024-11-09,6655,0,Micah Potter,103.27,118.86,109.59,111.72,1.0,4.0,7.0,5.0,1.0,4.0,7.0,5.0,-15.75,-2.22,1.12,3.58,-14.63,1.35,103.3,109.4,118.9,111.7,100.9,96.8,0.31,0.235,0.442,0.427,0.551,0.526,11.1,12.3,26.9,27.0,0.171,0.158,71.8,75.1,Delta Center,Frost Bank Center,72700.0,71611.0,6655,P,,,,,,,0.0,,,,,,,False,True,False,False,False,True,True,False,,,,0.95,1.0,1.0327,0.9884999999999999,3.101,1.391,0.32247662044501774,0.7189072609633357,0.35859400193485974,0.7994248741912293,,
9,nba.p.6712,Walker,Kessler,C,UTA,SA,UTA@SA,5:00PM EST,22,33.7, , ,2024-11-09,6712,0,Walker Kessler,103.27,118.86,109.59,111.72,1.0,4.0,7.0,5.0,1.0,4.0,7.0,5.0,-15.75,-2.22,1.12,3.58,-14.63,1.35,103.3,109.4,118.9,111.7,100.9,96.8,0.31,0.235,0.442,0.427,0.551,0.526,11.1,12.3,26.9,27.0,0.171,0.158,71.8,75.1,Delta Center,Frost Bank Center,72700.0,71611.0,6712,P,9.5,11.4,1.1,0.5,3.0,1.6,33.73,12.295462287248204,22.6,40.2,47.8,28.7,24.6,True,False,False,False,False,True,False,False,21.404537712751797,45.99546228724821,44.015,0.95,1.0,1.0327,0.9884999999999999,3.101,1.391,0.32247662044501774,0.7189072609633357,0.35859400193485974,0.7994248741912293,0.5562027856068579,-2.145174053397397
10,nba.p.6762,Johnny,Juzang,SF,UTA,SA,UTA@SA,5:00PM EST,11,12.4, , ,2024-11-09,6762,0,Johnny Juzang,103.27,118.86,109.59,111.72,1.0,4.0,7.0,5.0,1.0,4.0,7.0,5.0,-15.75,-2.22,1.12,3.58,-14.63,1.35,103.3,109.4,118.9,111.7,100.9,96.8,0.31,0.235,0.442,0.427,0.551,0.526,11.1,12.3,26.9,27.0,0.171,0.158,71.8,75.1,Delta Center,Frost Bank Center,72700.0,71611.0,6762,P,7.4,1.2,0.8,0.8,0.2,0.6,12.44,10.422715577046127,20.7,12.2,24.9,1.4,3.0,False,False,False,True,False,True,True,False,1.9772844229538737,22.822715577046125,15.955,0.95,1.0,1.0327,0.9884999999999999,3.101,1.391,0.32247662044501774,0.7189072609633357,0.35859400193485974,0.7994248741912293,0.40323596248358146,-2.096822996079745
11,nba.p.10100,Keyonte,George,PG,UTA,SA,UTA@SA,5:00PM EST,20,27.3,GTD, ,2024-11-09,10100,0,Keyonte George,103.27,118.86,109.59,111.72,1.0,4.0,7.0,5.0,1.0,4.0,7.0,5.0,-15.75,-2.22,1.12,3.58,-14.63,1.35,103.3,109.4,118.9,111.7,100.9,96.8,0.31,0.235,0.442,0.427,0.551,0.526,11.1,12.3,26.9,27.0,0.171,0.158,71.8,75.1,Delta Center,Frost Bank Center,72700.0,71611.0,10100,P,15.6,2.9,6.4,0.5,0.1,3.3,27.18,11.003627648578965,16.1,51.7,28.4,20.3,27.3,False,False,True,False,False,True,False,True,16.296372351421034,38.30362764857897,39.41000000000001,0.95,1.0,1.0327,0.9884999999999999,3.101,1.391,0.32247662044501774,0.7189072609633357,0.35859400193485974,0.7994248741912293,0.5478120404144702,-2.0483665612770516
12,nba.p.10110,Taylor,Hendricks,SF,UTA,SA,UTA@SA,5:00PM EST,18,20.0,INJ, ,2024-11-09,10110,0,Taylor Hendricks,103.27,118.86,109.59,111.72,1.0,4.0,7.0,5.0,1.0,4.0,7.0,5.0,-15.75,-2.22,1.12,3.58,-14.63,1.35,103.3,109.4,118.9,111.7,100.9,96.8,0.31,0.235,0.442,0.427,0.551,0.526,11.1,12.3,26.9,27.0,0.171,0.158,71.8,75.1,Delta Center,Frost Bank Center,72700.0,71611.0,10110,P,4.7,5.0,0.7,1.7,1.3,0.7,20.05,,,,,,,False,False,False,True,False,True,True,False,,,,0.95,1.0,1.0327,0.9884999999999999,3.101,1.391,0.32247662044501774,0.7189072609633357,0.35859400193485974,0.7994248741912293,,
13,nba.p.10122,Brice,Sensabaugh,SF,UTA,SA,UTA@SA,5:00PM EST,12,8.6, , ,2024-11-09,10122,0,Brice Sensabaugh,103.27,118.86,109.59,111.72,1.0,4.0,7.0,5.0,1.0,4.0,7.0,5.0,-15.75,-2.22,1.12,3.58,-14.63,1.35,103.3,109.4,118.9,111.7,100.9,96.8,0.31,0.235,0.442,0.427,0.551,0.526,11.1,12.3,26.9,27.0,0.171,0.158,71.8,75.1,Delta Center,Frost Bank Center,72700.0,71611.0,10122,P,5.8,1.9,0.5,0.4,0.0,1.3,8.73,4.815970455533488,7.2,0.20000000000000018,11.5,8.1,15.1,False,False,False,True,False,True,True,False,3.7840295444665113,13.415970455533488,12.015,0.95,1.0,1.0327,0.9884999999999999,3.101,1.391,0.32247662044501774,0.7189072609633357,0.35859400193485974,0.7994248741912293,0.2783541260923563,-1.515034248817307
14,nba.p.10127,Oscar,Tshiebwe,C,UTA,SA,UTA@SA,5:00PM EST,10,7.2, , ,2024-11-09,10127,0,Oscar Tshiebwe,103.27,118.86,109.59,111.72,1.0,4.0,7.0,5.0,1.0,4.0,7.0,5.0,-15.75,-2.22,1.12,3.58,-14.63,1.35,103.3,109.4,118.9,111.7,100.9,96.8,0.31,0.235,0.442,0.427,0.551,0.526,11.1,12.3,26.9,27.0,0.171,0.158,71.8,75.1,Delta Center,Frost Bank Center,72700.0,71611.0,10127,P,,,,,,,0.0,,,,,,,True,False,False,False,False,True,False,False,,,,0.95,1.0,1.0327,0.9884999999999999,3.101,1.391,0.32247662044501774,0.7189072609633357,0.35859400193485974,0.7994248741912293,,
15,nba.p.10282,Isaiah,Collier,PG,UTA,SA,UTA@SA,5:00PM EST,16,0.5, , ,2024-11-09,10282,0,Isaiah Collier,103.27,118.86,109.59,111.72,1.0,4.0,7.0,5.0,1.0,4.0,7.0,5.0,-15.75,-2.22,1.12,3.58,-14.63,1.35,103.3,109.4,118.9,111.7,100.9,96.8,0.31,0.235,0.442,0.427,0.551,0.526,11.1,12.3,26.9,27.0,0.171,0.158,71.8,75.1,Delta Center,Frost Bank Center,72700.0,71611.0,10282,P,0.0,0.0,1.0,0.0,0.0,1.0,0.5,,,,,,,False,False,True,False,False,True,False,True,,,,0.95,1.0,1.0327,0.9884999999999999,3.101,1.391,0.32247662044501774,0.7189072609633357,0.35859400193485974,0.7994248741912293,,
16,nba.p.10283,Cody,Williams,SF,UTA,SA,UTA@SA,5:00PM EST,17,11.9, , ,2024-11-09,10283,0,Cody Williams,103.27,118.86,109.59,111.72,1.0,4.0,7.0,5.0,1.0,4.0,7.0,5.0,-15.75,-2.22,1.12,3.58,-14.63,1.35,103.3,109.4,118.9,111.7,100.9,96.8,0.31,0.235,0.442,0.427,0.551,0.526,11.1,12.3,26.9,27.0,0.171,0.158,71.8,75.1,Delta Center,Frost Bank Center,72700.0,71611.0,10283,P,4.8,3.0,1.4,0.5,0.3,0.8,12.1,6.780526212196641,11.9,26.0,5.2,10.0,17.0,False,False,False,True,False,True,True,False,5.11947378780336,18.68052621219664,20.54,0.95,1.0,1.0327,0.9884999999999999,3.101,1.391,0.32247662044501774,0.7189072609633357,0.35859400193485974,0.7994248741912293,0.335897407648498,-1.7620206909485479
17,nba.p.10315,Kyle,Filipowski,C,UTA,SA,UTA@SA,5:00PM EST,16,9.9, , ,2024-11-09,10315,0,Kyle Filipowski,103.27,118.86,109.59,111.72,1.0,4.0,7.0,5.0,1.0,4.0,7.0,5.0,-15.75,-2.22,1.12,3.58,-14.63,1.35,103.3,109.4,118.9,111.7,100.9,96.8,0.31,0.235,0.442,0.427,0.551,0.526,11.1,12.3,26.9,27.0,0.171,0.158,71.8,75.1,Delta Center,Frost Bank Center,72700.0,71611.0,10315,P,4.7,3.6,1.0,0.1,0.0,1.0,9.82,9.713000615277494,0.0,15.0,7.199999999999999,17.5,25.6,True,False,False,False,False,True,False,False,0.18699938472250643,19.613000615277492,18.095,0.95,1.0,1.0327,0.9884999999999999,3.101,1.391,0.32247662044501774,0.7189072609633357,0.35859400193485974,0.7994248741912293,0.314408109340898,-2.0980715573771267
18,nba.p.3930,Chris,Paul,PG,SA,UTA,UTA@SA,5:00PM EST,22,29.1, , ,2024-11-09,3930,1,Chris Paul,109.59,111.72,103.27,118.86,,1.0,,7.0,,1.0,,7.0,,-15.75,,1.12,,-14.63,,103.3,,118.9,,100.9,,0.31,,0.442,,0.551,,11.1,,26.9,,0.171,,71.8,,Delta Center,,72700.0,3930,P,11.1,3.8,8.0,1.1,0.1,2.2,29.06,11.243269591676219,22.4,16.4,38.2,38.3,47.4,False,False,True,False,False,True,False,True,17.856730408323784,40.34326959167622,44.975,0.95,1.0,1.0959,,1.391,3.101,0.7189072609633357,0.32247662044501774,0.7994248741912293,0.35859400193485974,,
19,nba.p.5013,Harrison,Barnes,SF,SA,UTA,UTA@SA,5:00PM EST,15,17.1, , ,2024-11-09,5013,1,Harrison Barnes,109.59,111.72,103.27,118.86,,1.0,,7.0,,1.0,,7.0,,-15.75,,1.12,,-14.63,,103.3,,118.9,,100.9,,0.31,,0.442,,0.551,,11.1,,26.9,,0.171,,71.8,,Delta Center,,72700.0,5013,P,9.7,3.7,1.4,0.3,0.2,0.8,16.94,9.24172302357328,20.4,2.7,15.7,25.1,13.4,False,False,False,True,False,True,True,False,7.858276976426721,26.34172302357328,23.910000000000004,0.95,1.0,1.0959,,1.391,3.101,0.7189072609633357,0.32247662044501774,0.7994248741912293,0.35859400193485974,,
20,nba.p.5823,Zach,Collins,C,SA,UTA,UTA@SA,5:00PM EST,19,14.4, , ,2024-11-09,5823,1,Zach Collins,109.59,111.72,103.27,118.86,,1.0,,7.0,,1.0,,7.0,,-15.75,,1.12,,-14.63,,103.3,,118.9,,100.9,,0.31,,0.442,,0.551,,11.1,,26.9,,0.171,,71.8,,Delta Center,,72700.0,5823,P,6.0,3.2,1.9,0.7,0.2,1.0,14.39,6.430979707633977,19.9,9.7,15.1,19.7,1.4,True,False,False,False,False,True,False,False,7.969020292366023,20.83097970763398,19.700000000000003,0.95,1.0,1.0959,,1.391,3.101,0.7189072609633357,0.32247662044501774,0.7994248741912293,0.35859400193485974,,
21,nba.p.6217,Keldon,Johnson,SF,SA,UTA,UTA@SA,5:00PM EST,27,23.4, , ,2024-11-09,6217,1,Keldon Johnson,109.59,111.72,103.27,118.86,,1.0,,7.0,,1.0,,7.0,,-15.75,,1.12,,-14.63,,103.3,,118.9,,100.9,,0.31,,0.442,,0.551,,11.1,,26.9,,0.171,,71.8,,Delta Center,,72700.0,6217,P,12.6,6.2,1.0,0.8,0.1,0.8,23.44,9.682903031173613,34.7,22.3,17.5,40.6,18.8,False,False,False,True,False,True,True,False,13.717096968826386,33.082903031173615,39.955000000000005,0.95,1.0,1.0959,,1.391,3.101,0.7189072609633357,0.32247662044501774,0.7994248741912293,0.35859400193485974,,
22,nba.p.6403,Devin,Vassell,SG,SA,UTA,UTA@SA,5:00PM EST,30,32.8,INJ, ,2024-11-09,6403,1,Devin Vassell,109.59,111.72,103.27,118.86,,1.0,,7.0,,1.0,,7.0,,-15.75,,1.12,,-14.63,,103.3,,118.9,,100.9,,0.31,,0.442,,0.551,,11.1,,26.9,,0.171,,71.8,,Delta Center,,72700.0,6403,P,,,,,,,0.0,,,,,,,False,False,False,False,True,True,False,True,,,,0.95,1.0,1.0959,,1.391,3.101,0.7189072609633357,0.32247662044501774,0.7994248741912293,0.35859400193485974,,
23,nba.p.6433,Tre,Jones,PG,SA,UTA,UTA@SA,5:00PM EST,20,11.7,INJ, ,2024-11-09,6433,1,Tre Jones,109.59,111.72,103.27,118.86,,1.0,,7.0,,1.0,,7.0,,-15.75,,1.12,,-14.63,,103.3,,118.9,,100.9,,0.31,,0.442,,0.551,,11.1,,26.9,,0.171,,71.8,,Delta Center,,72700.0,6433,P,3.0,1.0,3.0,1.0,0.0,0.0,11.7,,,,,,,False,False,True,False,False,True,False,True,,,,0.95,1.0,1.0959,,1.391,3.101,0.7189072609633357,0.32247662044501774,0.7994248741912293,0.35859400193485974,,
24,nba.p.6595,Charles,Bassey,C,SA,UTA,UTA@SA,5:00PM EST,10,4.0, , ,2024-11-09,6595,1,Charles Bassey,109.59,111.72,103.27,118.86,,1.0,,7.0,,1.0,,7.0,,-15.75,,1.12,,-14.63,,103.3,,118.9,,100.9,,0.31,,0.442,,0.551,,11.1,,26.9,,0.171,,71.8,,Delta Center,,72700.0,6595,P,1.2,1.4,0.2,0.2,0.2,0.4,3.98,5.521050624654695,0.0,11.2,0.0,0.0,8.7,True,False,False,False,False,True,False,False,-1.5210506246546949,9.521050624654695,6.015,0.95,1.0,1.0959,,1.391,3.101,0.7189072609633357,0.32247662044501774,0.7994248741912293,0.35859400193485974,,
25,nba.p.6596,Sandro,Mamukelashvili,C,SA,UTA,UTA@SA,5:00PM EST,12,9.0, , ,2024-11-09,6596,1,Sandro Mamukelashvili,109.59,111.72,103.27,118.86,,1.0,,7.0,,1.0,,7.0,,-15.75,,1.12,,-14.63,,103.3,,118.9,,100.9,,0.31,,0.442,,0.551,,11.1,,26.9,,0.171,,71.8,,Delta Center,,72700.0,6596,P,4.4,2.9,0.3,0.0,0.6,1.0,9.13,7.273926037567332,7.6,23.9,5.0,1.2,11.2,True,False,False,False,False,True,False,False,1.7260739624326682,16.273926037567332,14.010000000000002,0.95,1.0,1.0959,,1.391,3.101,0.7189072609633357,0.32247662044501774,0.7994248741912293,0.35859400193485974,,
26,nba.p.6624,David,Duke Jr.,SF,SA,UTA,UTA@SA,5:00PM EST,10,6.0, , ,2024-11-09,6624,1,David Duke Jr.,109.59,111.72,103.27,118.86,,1.0,,7.0,,1.0,,7.0,,-15.75,,1.12,,-14.63,,103.3,,118.9,,100.9,,0.31,,0.442,,0.551,,11.1,,26.9,,0.171,,71.8,,Delta Center,,72700.0,6624,P,3.0,0.0,2.0,0.0,0.0,0.0,6.0,,,,,,,False,False,False,True,False,True,True,False,,,,0.95,1.0,1.0959,,1.391,3.101,0.7189072609633357,0.32247662044501774,0.7994248741912293,0.35859400193485974,,
27,nba.p.6699,Jeremy,Sochan,PF,SA,UTA,UTA@SA,5:00PM EST,23,31.2,INJ, ,2024-11-09,6699,1,Jeremy Sochan,109.59,111.72,103.27,118.86,,1.0,,7.0,,1.0,,7.0,,-15.75,,1.12,,-14.63,,103.3,,118.9,,100.9,,0.31,,0.442,,0.551,,11.1,,26.9,,0.171,,71.8,,Delta Center,,72700.0,6699,P,15.4,7.7,3.0,1.0,0.4,2.3,31.04,11.022315027771096,10.1,40.0,29.5,35.8,39.8,False,True,False,False,False,True,True,False,20.177684972228903,42.222315027771096,43.885000000000005,0.95,1.0,1.0959,,1.391,3.101,0.7189072609633357,0.32247662044501774,0.7994248741912293,0.35859400193485974,,
28,nba.p.6710,Malaki,Branham,SG,SA,UTA,UTA@SA,5:00PM EST,10,15.0,GTD, ,2024-11-09,6710,1,Malaki Branham,109.59,111.72,103.27,118.86,,1.0,,7.0,,1.0,,7.0,,-15.75,,1.12,,-14.63,,103.3,,118.9,,100.9,,0.31,,0.442,,0.551,,11.1,,26.9,,0.171,,71.8,,Delta Center,,72700.0,6710,P,10.0,1.9,1.1,0.6,0.2,1.4,14.93,4.708974882545504,20.7,16.8,9.0,7.9,17.9,False,False,False,False,True,True,False,True,10.291025117454495,19.708974882545505,22.47,0.95,1.0,1.0959,,1.391,3.101,0.7189072609633357,0.32247662044501774,0.7994248741912293,0.35859400193485974,,
29,nba.p.6715,Blake,Wesley,PG,SA,UTA,UTA@SA,5:00PM EST,10,8.1, , ,2024-11-09,6715,1,Blake Wesley,109.59,111.72,103.27,118.86,,1.0,,7.0,,1.0,,7.0,,-15.75,,1.12,,-14.63,,103.3,,118.9,,100.9,,0.31,,0.442,,0.551,,11.1,,26.9,,0.171,,71.8,,Delta Center,,72700.0,6715,P,4.3,0.6,2.0,0.4,0.0,1.0,8.22,8.951895250248887,27.2,10.0,0.0,-2.0,4.2,False,False,True,False,False,True,False,True,-0.8518952502488872,17.051895250248887,13.950000000000001,0.95,1.0,1.0959,,1.391,3.101,0.7189072609633357,0.32247662044501774,0.7994248741912293,0.35859400193485974,,
30,nba.p.6754,Julian,Champagnie,SF,SA,UTA,UTA@SA,5:00PM EST,15,22.2, , ,2024-11-09,6754,1,Julian Champagnie,109.59,111.72,103.27,118.86,,1.0,,7.0,,1.0,,7.0,,-15.75,,1.12,,-14.63,,103.3,,118.9,,100.9,,0.31,,0.442,,0.551,,11.1,,26.9,,0.171,,71.8,,Delta Center,,72700.0,6754,P,11.0,5.2,1.7,0.8,0.4,1.2,22.19,8.699058058842413,26.2,17.6,30.0,21.7,25.2,False,False,False,True,False,True,True,False,13.500941941157587,30.899058058842414,33.485,0.95,1.0,1.0959,,1.391,3.101,0.7189072609633357,0.32247662044501774,0.7994248741912293,0.35859400193485974,,
31,nba.p.10051,Sidy,Cissoko,SF,SA,UTA,UTA@SA,5:00PM EST,10,3.0, , ,2024-11-09,10051,1,Sidy Cissoko,109.59,111.72,103.27,118.86,,1.0,,7.0,,1.0,,7.0,,-15.75,,1.12,,-14.63,,103.3,,118.9,,100.9,,0.31,,0.442,,0.551,,11.1,,26.9,,0.171,,71.8,,Delta Center,,72700.0,10051,P,1.0,0.8,0.8,0.0,0.0,0.2,2.96,3.7259898013816413,1.2,9.4,0.0,1.5,2.7,False,False,False,True,False,True,True,False,-0.7259898013816413,6.725989801381641,4.49,0.95,1.0,1.0959,,1.391,3.101,0.7189072609633357,0.32247662044501774,0.7994248741912293,0.35859400193485974,,
32,nba.p.10094,Victor,Wembanyama,C,SA,UTA,UTA@SA,5:00PM EST,56,45.4, , ,2024-11-09,10094,1,Victor Wembanyama,109.59,111.72,103.27,118.86,,1.0,,7.0,,1.0,,7.0,,-15.75,,1.12,,-14.63,,103.3,,118.9,,100.9,,0.31,,0.442,,0.551,,11.1,,26.9,,0.171,,71.8,,Delta Center,,72700.0,10094,P,17.7,9.6,2.7,1.6,3.7,3.4,45.77,19.497314629911926,41.6,30.200000000000003,78.1,34.7,73.3,True,False,False,False,False,True,False,False,25.902685370088072,64.89731462991193,67.58500000000001,0.95,1.0,1.0959,,1.391,3.101,0.7189072609633357,0.32247662044501774,0.7994248741912293,0.35859400193485974,,
33,nba.p.10290,Stephon,Castle,SG,SA,UTA,UTA@SA,5:00PM EST,17,15.8, , ,2024-11-09,10290,1,Stephon Castle,109.59,111.72,103.27,118.86,,1.0,,7.0,,1.0,,7.0,,-15.75,,1.12,,-14.63,,103.3,,118.9,,100.9,,0.31,,0.442,,0.551,,11.1,,26.9,,0.171,,71.8,,Delta Center,,72700.0,10290,P,6.8,2.6,2.4,0.8,0.3,1.0,15.82,6.342734250918746,26.6,16.4,19.3,6.6,17.3,False,False,False,False,True,True,False,True,9.457265749081255,22.142734250918746,24.52,0.95,1.0,1.0959,,1.391,3.101,0.7189072609633357,0.32247662044501774,0.7994248741912293,0.35859400193485974,,
34,nba.p.10336,Harrison,Ingram,PF,SA,UTA,UTA@SA,5:00PM EST,10,1.2, , ,2024-11-09,10336,1,Harrison Ingram,109.59,111.72,103.27,118.86,,1.0,,7.0,,1.0,,7.0,,-15.75,,1.12,,-14.63,,103.3,,118.9,,100.9,,0.31,,0.442,,0.551,,11.1,,26.9,,0.171,,71.8,,Delta Center,,72700.0,10336,P,0.0,1.0,0.0,0.0,0.0,0.0,1.2,,,,,,,False,True,False,False,False,True,True,False,,,,0.95,1.0,1.0959,,1.391,3.101,0.7189072609633357,0.32247662044501774,0.7994248741912293,0.35859400193485974,,
35,nba.p.10367,Riley,Minix,PF,SA,UTA,UTA@SA,5:00PM EST,10,2.4, , ,2024-11-09,10367,1,Riley Minix,109.59,111.72,103.27,118.86,,1.0,,7.0,,1.0,,7.0,,-15.75,,1.12,,-14.63,,103.3,,118.9,,100.9,,0.31,,0.442,,0.551,,11.1,,26.9,,0.171,,71.8,,Delta Center,,72700.0,10367,P,0.0,2.0,0.0,0.0,0.0,0.0,2.4,,,,,,,False,True,False,False,False,True,True,False,,,,0.95,1.0,1.0959,,1.391,3.101,0.7189072609633357,0.32247662044501774,0.7994248741912293,0.35859400193485974,,
36,nba.p.4913,Bojan,Bogdanovic,PF,BKN,CLE,BKN@CLE,7:30PM EST,19,20.4,INJ, ,2024-11-09,4913,0,Bojan Bogdanovic,112.62,113.29,123.17,110.18,,10.0,,0.0,,8.0,,2.0,,13.3,,-2.26,,11.04,,123.1,,110.0,,101.1,,0.23,,0.418,,0.531,,14.2,,20.9,,0.201,,77.1,,Rocket Mortgage Fieldhouse,,97160.0,4913,P,,,,,,,0.0,,,,,,,False,True,False,False,False,True,True,False,,,,0.95,1.0,1.1262,,7.009,1.112,0.14267370523612496,0.8992805755395683,0.15865316022257098,1.0,,
37,nba.p.5187,Dennis,Schroder,PG,BKN,CLE,BKN@CLE,7:30PM EST,24,35.9, , ,2024-11-09,5187,0,Dennis Schroder,112.62,113.29,123.17,110.18,,10.0,,0.0,,8.0,,2.0,,13.3,,-2.26,,11.04,,123.1,,110.0,,101.1,,0.23,,0.418,,0.531,,14.2,,20.9,,0.201,,77.1,,Rocket Mortgage Fieldhouse,,97160.0,5187,P,19.9,3.0,6.8,1.7,0.0,2.8,36.0,8.505112841370444,36.1,31.4,26.0,34.9,48.4,False,False,True,False,False,True,False,True,27.394887158629555,44.40511284137044,53.595,0.95,1.0,1.1262,,7.009,1.112,0.14267370523612496,0.8992805755395683,0.15865316022257098,1.0,,
38,nba.p.5600,Ben,Simmons,PG,BKN,CLE,BKN@CLE,7:30PM EST,25,23.6,O, ,2024-11-09,5600,0,Ben Simmons,112.62,113.29,123.17,110.18,,10.0,,0.0,,8.0,,2.0,,13.3,,-2.26,,11.04,,123.1,,110.0,,101.1,,0.23,,0.418,,0.531,,14.2,,20.9,,0.201,,77.1,,Rocket Mortgage Fieldhouse,,97160.0,5600,P,6.1,6.0,6.4,0.7,0.6,3.3,23.5,6.558672920354428,27.2,20.2,37.1,19.5,19.2,False,False,True,False,False,True,False,True,17.041327079645573,30.15867292035443,33.17,0.95,1.0,1.1262,,7.009,1.112,0.14267370523612496,0.8992805755395683,0.15865316022257098,1.0,,
39,nba.p.5693,Dorian,Finney-Smith,PF,BKN,CLE,BKN@CLE,7:30PM EST,15,23.4, , ,2024-11-09,5693,0,Dorian Finney-Smith,112.62,113.29,123.17,110.18,,10.0,,0.0,,8.0,,2.0,,13.3,,-2.26,,11.04,,123.1,,110.0,,101.1,,0.23,,0.418,,0.531,,14.2,,20.9,,0.201,,77.1,,Rocket Mortgage Fieldhouse,,97160.0,5693,P,10.0,5.1,1.8,1.3,0.7,1.4,23.42,5.889845310173924,16.0,27.7,19.6,24.0,22.0,False,True,False,False,False,True,True,False,17.510154689826074,29.289845310173924,32.18,0.95,1.0,1.1262,,7.009,1.112,0.14267370523612496,0.8992805755395683,0.15865316022257098,1.0,,
40,nba.p.6065,Shake,Milton,PG,BKN,CLE,BKN@CLE,7:30PM EST,10,4.1, , ,2024-11-09,6065,0,Shake Milton,112.62,113.29,123.17,110.18,,10.0,,0.0,,8.0,,2.0,,13.3,,-2.26,,11.04,,123.1,,110.0,,101.1,,0.23,,0.418,,0.531,,14.2,,20.9,,0.201,,77.1,,Rocket Mortgage Fieldhouse,,97160.0,6065,P,1.6,1.0,0.7,0.1,0.0,0.1,4.05,4.42896311631902,8.8,0.0,1.2,10.2,1.5,False,False,True,False,False,True,False,True,-0.3289631163190201,8.52896311631902,7.265,0.95,1.0,1.1262,,7.009,1.112,0.14267370523612496,0.8992805755395683,0.15865316022257098,1.0,,
41,nba.p.6173,Cameron,Johnson,PF,BKN,CLE,BKN@CLE,7:30PM EST,21,29.6, , ,2024-11-09,6173,0,Cameron Johnson,112.62,113.29,123.17,110.18,,10.0,,0.0,,8.0,,2.0,,13.3,,-2.26,,11.04,,123.1,,110.0,,101.1,,0.23,,0.418,,0.531,,14.2,,20.9,,0.201,,77.1,,Rocket Mortgage Fieldhouse,,97160.0,6173,P,16.8,4.3,3.1,0.7,0.4,0.3,29.61,6.591872099622215,33.6,26.6,37.7,31.7,25.4,False,True,False,False,False,True,True,False,23.008127900377787,36.191872099622216,43.400000000000006,0.95,1.0,1.1262,,7.009,1.112,0.14267370523612496,0.8992805755395683,0.15865316022257098,1.0,,
42,nba.p.6219,Nic,Claxton,C,BKN,CLE,BKN@CLE,7:30PM EST,28,26.6, , ,2024-11-09,6219,0,Nic Claxton,112.62,113.29,123.17,110.18,,10.0,,0.0,,8.0,,2.0,,13.3,,-2.26,,11.04,,123.1,,110.0,,101.1,,0.23,,0.418,,0.531,,14.2,,20.9,,0.201,,77.1,,Rocket Mortgage Fieldhouse,,97160.0,6219,P,8.6,7.6,2.4,0.8,1.3,0.8,26.82,8.565118212844467,24.5,33.1,16.7,27.799999999999997,42.4,True,False,False,False,False,True,False,False,18.034881787155534,35.16511821284447,42.995000000000005,0.95,1.0,1.1262,,7.009,1.112,0.14267370523612496,0.8992805755395683,0.15865316022257098,1.0,,
43,nba.p.6552,Ziaire,Williams,SF,BKN,CLE,BKN@CLE,7:30PM EST,13,19.2, , ,2024-11-09,6552,0,Ziaire Williams,112.62,113.29,123.17,110.18,,10.0,,0.0,,8.0,,2.0,,13.3,,-2.26,,11.04,,123.1,,110.0,,101.1,,0.23,,0.418,,0.531,,14.2,,20.9,,0.201,,77.1,,Rocket Mortgage Fieldhouse,,97160.0,6552,P,9.2,4.1,1.2,1.0,0.3,0.8,19.02,8.833522010563573,24.9,11.9,6.4,16.6,34.7,False,False,False,True,False,True,True,False,10.366477989436426,28.033522010563573,30.675,0.95,1.0,1.1262,,7.009,1.112,0.14267370523612496,0.8992805755395683,0.15865316022257098,1.0,,
44,nba.p.6563,Keon,Johnson,SF,BKN,CLE,BKN@CLE,7:30PM EST,10,9.5, , ,2024-11-09,6563,0,Keon Johnson,112.62,113.29,123.17,110.18,,10.0,,0.0,,8.0,,2.0,,13.3,,-2.26,,11.04,,123.1,,110.0,,101.1,,0.23,,0.418,,0.531,,14.2,,20.9,,0.201,,77.1,,Rocket Mortgage Fieldhouse,,97160.0,6563,P,4.0,2.5,0.8,0.4,0.3,0.5,9.8,8.151774565788028,5.9,13.3,12.2,23.1,16.9,False,False,False,True,False,True,True,False,1.3482254342119724,17.651774565788028,18.84,0.95,1.0,1.1262,,7.009,1.112,0.14267370523612496,0.8992805755395683,0.15865316022257098,1.0,,
45,nba.p.6569,Cam,Thomas,SG,BKN,CLE,BKN@CLE,7:30PM EST,28,34.2, , ,2024-11-09,6569,0,Cam Thomas,112.62,113.29,123.17,110.18,,10.0,,0.0,,8.0,,2.0,,13.3,,-2.26,,11.04,,123.1,,110.0,,101.1,,0.23,,0.418,,0.531,,14.2,,20.9,,0.201,,77.1,,Rocket Mortgage Fieldhouse,,97160.0,6569,P,25.6,3.1,2.9,1.0,0.0,2.4,34.27,10.83025597317277,37.1,24.4,19.4,39.0,24.4,False,False,False,False,True,True,False,True,23.369744026827235,45.03025597317277,46.51,0.95,1.0,1.1262,,7.009,1.112,0.14267370523612496,0.8992805755395683,0.15865316022257098,1.0,,
46,nba.p.6571,Day'Ron,Sharpe,C,BKN,CLE,BKN@CLE,7:30PM EST,12,18.8,INJ, ,2024-11-09,6571,0,Day'Ron Sharpe,112.62,113.29,123.17,110.18,,10.0,,0.0,,8.0,,2.0,,13.3,,-2.26,,11.04,,123.1,,110.0,,101.1,,0.23,,0.418,,0.531,,14.2,,20.9,,0.201,,77.1,,Rocket Mortgage Fieldhouse,,97160.0,6571,P,,,,,,,0.0,,,,,,,True,False,False,False,False,True,False,False,,,,0.95,1.0,1.1262,,7.009,1.112,0.14267370523612496,0.8992805755395683,0.15865316022257098,1.0,,
47,nba.p.6604,Trendon,Watford,PF,BKN,CLE,BKN@CLE,7:30PM EST,10,13.5,INJ, ,2024-11-09,6604,0,Trendon Watford,112.62,113.29,123.17,110.18,,10.0,,0.0,,8.0,,2.0,,13.3,,-2.26,,11.04,,123.1,,110.0,,101.1,,0.23,,0.418,,0.531,,14.2,,20.9,,0.201,,77.1,,Rocket Mortgage Fieldhouse,,97160.0,6604,P,,,,,,,0.0,,,,,,,False,True,False,False,False,True,True,False,,,,0.95,1.0,1.1262,,7.009,1.112,0.14267370523612496,0.8992805755395683,0.15865316022257098,1.0,,
48,nba.p.6741,Tyrese,Martin,SG,BKN,CLE,BKN@CLE,7:30PM EST,10,0.6, , ,2024-11-09,6741,0,Tyrese Martin,112.62,113.29,123.17,110.18,,10.0,,0.0,,8.0,,2.0,,13.3,,-2.26,,11.04,,123.1,,110.0,,101.1,,0.23,,0.418,,0.531,,14.2,,20.9,,0.201,,77.1,,Rocket Mortgage Fieldhouse,,97160.0,6741,P,0.0,0.5,0.0,0.0,0.0,0.0,0.6,,,,,,,False,False,False,False,True,True,False,True,,,,0.95,1.0,1.1262,,7.009,1.112,0.14267370523612496,0.8992805755395683,0.15865316022257098,1.0,,
49,nba.p.10077,Jalen,Wilson,SF,BKN,CLE,BKN@CLE,7:30PM EST,13,16.0, , ,2024-11-09,10077,0,Jalen Wilson,112.62,113.29,123.17,110.18,,10.0,,0.0,,8.0,,2.0,,13.3,,-2.26,,11.04,,123.1,,110.0,,101.1,,0.23,,0.418,,0.531,,14.2,,20.9,,0.201,,77.1,,Rocket Mortgage Fieldhouse,,97160.0,10077,P,8.6,3.4,2.1,0.3,0.0,0.9,15.83,7.701136279796638,10.9,26.2,14.6,13.7,21.4,False,False,False,True,False,True,True,False,8.29886372020336,23.70113627979664,24.415,0.95,1.0,1.1262,,7.009,1.112,0.14267370523612496,0.8992805755395683,0.15865316022257098,1.0,,
50,nba.p.10111,Dariq,Whitehead,SF,BKN,CLE,BKN@CLE,7:30PM EST,10,-0.8, , ,2024-11-09,10111,0,Dariq Whitehead,112.62,113.29,123.17,110.18,,10.0,,0.0,,8.0,,2.0,,13.3,,-2.26,,11.04,,123.1,,110.0,,101.1,,0.23,,0.418,,0.531,,14.2,,20.9,,0.201,,77.1,,Rocket Mortgage Fieldhouse,,97160.0,10111,P,0.0,1.0,0.0,0.0,0.0,2.0,-0.8,,,,,,,False,False,False,True,False,True,True,False,,,,0.95,1.0,1.1262,,7.009,1.112,0.14267370523612496,0.8992805755395683,0.15865316022257098,1.0,,
51,nba.p.10121,Noah,Clowney,PF,BKN,CLE,BKN@CLE,7:30PM EST,12,12.9, , ,2024-11-09,10121,0,Noah Clowney,112.62,113.29,123.17,110.18,,10.0,,0.0,,8.0,,2.0,,13.3,,-2.26,,11.04,,123.1,,110.0,,101.1,,0.23,,0.418,,0.531,,14.2,,20.9,,0.201,,77.1,,Rocket Mortgage Fieldhouse,,97160.0,10121,P,6.1,3.3,0.4,0.3,0.6,0.4,12.96,5.422088861227527,7.9,19.3,7.4,8.1,16.8,False,True,False,False,False,True,True,False,7.477911138772473,18.322088861227527,17.985,0.95,1.0,1.1262,,7.009,1.112,0.14267370523612496,0.8992805755395683,0.15865316022257098,1.0,,
52,nba.p.10134,Jaylen,Martin,SF,BKN,CLE,BKN@CLE,7:30PM EST,10,1.5, , ,2024-11-09,10134,0,Jaylen Martin,112.62,113.29,123.17,110.18,,10.0,,0.0,,8.0,,2.0,,13.3,,-2.26,,11.04,,123.1,,110.0,,101.1,,0.23,,0.418,,0.531,,14.2,,20.9,,0.201,,77.1,,Rocket Mortgage Fieldhouse,,97160.0,10134,P,1.5,0.0,0.0,0.0,0.0,0.0,1.5,,,,,,,False,False,False,True,False,True,True,False,,,,0.95,1.0,1.1262,,7.009,1.112,0.14267370523612496,0.8992805755395683,0.15865316022257098,1.0,,
53,nba.p.10396,Yongxi,Cui,SG,BKN,CLE,BKN@CLE,7:30PM EST,10,0.5, , ,2024-11-09,10396,0,Yongxi Cui,112.62,113.29,123.17,110.18,,10.0,,0.0,,8.0,,2.0,,13.3,,-2.26,,11.04,,123.1,,110.0,,101.1,,0.23,,0.418,,0.531,,14.2,,20.9,,0.201,,77.1,,Rocket Mortgage Fieldhouse,,97160.0,10396,P,0.5,0.0,0.0,0.0,0.0,0.0,0.5,,,,,,,False,False,False,False,True,True,False,True,,,,0.95,1.0,1.1262,,7.009,1.112,0.14267370523612496,0.8992805755395683,0.15865316022257098,1.0,,
54,nba.p.4884,Tristan,Thompson,C,CLE,BKN,BKN@CLE,7:30PM EST,10,3.1, , ,2024-11-09,4884,1,Tristan Thompson,123.17,110.18,112.62,113.29,10.0,4.0,0.0,5.0,8.0,4.0,2.0,5.0,13.3,-0.67,-2.26,-0.37,11.04,-1.03,123.1,112.6,110.0,113.3,101.1,97.6,0.23,0.251,0.418,0.454,0.531,0.543,14.2,13.9,20.9,21.8,0.201,0.281,77.1,77.5,Rocket Mortgage Fieldhouse,Barclays Center,97160.0,89003.0,4884,P,2.0,1.0,0.2,0.0,0.0,0.4,3.1,3.3105890714493698,0.0,4.0,8.1,0.19999999999999996,3.2,True,False,False,False,False,True,False,False,-0.21058907144936967,6.41058907144937,3.295,0.95,1.0,1.2317,0.9934999999999999,1.112,7.009,0.8992805755395683,0.14267370523612496,1.0,0.15865316022257098,0.06077158512669567,-1.4020780164641997
55,nba.p.5651,Caris,LeVert,SG,CLE,BKN,BKN@CLE,7:30PM EST,26,26.7, , ,2024-11-09,5651,1,Caris LeVert,123.17,110.18,112.62,113.29,10.0,4.0,0.0,5.0,8.0,4.0,2.0,5.0,13.3,-0.67,-2.26,-0.37,11.04,-1.03,123.1,112.6,110.0,113.3,101.1,97.6,0.23,0.251,0.418,0.454,0.531,0.543,14.2,13.9,20.9,21.8,0.201,0.281,77.1,77.5,Rocket Mortgage Fieldhouse,Barclays Center,97160.0,89003.0,5651,P,12.0,3.0,4.5,1.3,0.5,0.9,26.85,5.311644889163001,33.4,34.2,25.1,27.0,18.3,False,False,False,False,True,True,False,True,21.388355110836997,32.011644889163,40.120000000000005,0.95,1.0,1.2317,0.9934999999999999,1.112,7.009,0.8992805755395683,0.14267370523612496,1.0,0.15865316022257098,0.2845985753803001,-1.591950045480369
56,nba.p.5681,Georges,Niang,PF,CLE,BKN,BKN@CLE,7:30PM EST,10,13.1, , ,2024-11-09,5681,1,Georges Niang,123.17,110.18,112.62,113.29,10.0,4.0,0.0,5.0,8.0,4.0,2.0,5.0,13.3,-0.67,-2.26,-0.37,11.04,-1.03,123.1,112.6,110.0,113.3,101.1,97.6,0.23,0.251,0.418,0.454,0.531,0.543,14.2,13.9,20.9,21.8,0.201,0.281,77.1,77.5,Rocket Mortgage Fieldhouse,Barclays Center,97160.0,89003.0,5681,P,6.2,3.3,1.3,0.4,0.2,0.8,13.11,3.528754895301048,9.9,17.4,19.8,11.8,12.6,False,True,False,False,False,True,True,False,9.571245104698951,16.628754895301046,18.78,0.95,1.0,1.2317,0.9934999999999999,1.112,7.009,0.8992805755395683,0.14267370523612496,1.0,0.15865316022257098,0.34637036985716074,-1.213034687452069
57,nba.p.5826,Donovan,Mitchell,SG,CLE,BKN,BKN@CLE,7:30PM EST,44,34.4, , ,2024-11-09,5826,1,Donovan Mitchell,123.17,110.18,112.62,113.29,10.0,4.0,0.0,5.0,8.0,4.0,2.0,5.0,13.3,-0.67,-2.26,-0.37,11.04,-1.03,123.1,112.6,110.0,113.3,101.1,97.6,0.23,0.251,0.418,0.454,0.531,0.543,14.2,13.9,20.9,21.8,0.201,0.281,77.1,77.5,Rocket Mortgage Fieldhouse,Barclays Center,97160.0,89003.0,5826,P,22.6,3.2,4.1,1.3,0.2,2.7,34.39,9.610809886095273,20.0,42.3,26.8,38.6,26.1,False,False,False,False,True,True,False,True,24.789190113904723,44.010809886095274,45.735,0.95,1.0,1.2317,0.9934999999999999,1.112,7.009,0.8992805755395683,0.14267370523612496,1.0,0.15865316022257098,0.19170840431572814,-2.186485370584574
58,nba.p.5835,Jarrett,Allen,C,CLE,BKN,BKN@CLE,7:30PM EST,33,37.8, , ,2024-11-09,5835,1,Jarrett Allen,123.17,110.18,112.62,113.29,10.0,4.0,0.0,5.0,8.0,4.0,2.0,5.0,13.3,-0.67,-2.26,-0.37,11.04,-1.03,123.1,112.6,110.0,113.3,101.1,97.6,0.23,0.251,0.418,0.454,0.531,0.543,14.2,13.9,20.9,21.8,0.201,0.281,77.1,77.5,Rocket Mortgage Fieldhouse,Barclays Center,97160.0,89003.0,5835,P,14.9,11.9,1.9,0.9,1.4,1.1,37.83,8.629542282183916,31.9,44.8,50.0,31.9,20.7,True,False,False,False,False,True,False,False,29.17045771781608,46.42954228218392,49.3,0.95,1.0,1.2317,0.9934999999999999,1.112,7.009,0.8992805755395683,0.14267370523612496,1.0,0.15865316022257098,0.27553585752021853,-2.021469323548443
59,nba.p.6167,Darius,Garland,PG,CLE,BKN,BKN@CLE,7:30PM EST,30,35.1, , ,2024-11-09,6167,1,Darius Garland,123.17,110.18,112.62,113.29,10.0,4.0,0.0,5.0,8.0,4.0,2.0,5.0,13.3,-0.67,-2.26,-0.37,11.04,-1.03,123.1,112.6,110.0,113.3,101.1,97.6,0.23,0.251,0.418,0.454,0.531,0.543,14.2,13.9,20.9,21.8,0.201,0.281,77.1,77.5,Rocket Mortgage Fieldhouse,Barclays Center,97160.0,89003.0,6167,P,20.5,2.0,6.7,1.2,0.4,2.6,35.15,11.485860873265008,44.6,31.700000000000003,51.4,29.6,37.6,False,False,True,False,False,True,False,True,23.614139126734994,46.585860873265005,53.13,0.95,1.0,1.2317,0.9934999999999999,1.112,7.009,0.8992805755395683,0.14267370523612496,1.0,0.15865316022257098,0.3266357428205707,-2.241950653034104
60,nba.p.6212,Ty,Jerome,PG,CLE,BKN,BKN@CLE,7:30PM EST,10,20.7, , ,2024-11-09,6212,1,Ty Jerome,123.17,110.18,112.62,113.29,10.0,4.0,0.0,5.0,8.0,4.0,2.0,5.0,13.3,-0.67,-2.26,-0.37,11.04,-1.03,123.1,112.6,110.0,113.3,101.1,97.6,0.23,0.251,0.418,0.454,0.531,0.543,14.2,13.9,20.9,21.8,0.201,0.281,77.1,77.5,Rocket Mortgage Fieldhouse,Barclays Center,97160.0,89003.0,6212,P,10.6,2.0,3.1,1.3,0.0,0.9,20.65,7.683062178874023,22.7,27.1,13.5,9.9,25.2,False,False,True,False,False,True,False,True,13.016937821125977,28.38306217887402,29.960000000000004,0.95,1.0,1.2317,0.9934999999999999,1.112,7.009,0.8992805755395683,0.14267370523612496,1.0,0.15865316022257098,0.5525695570245228,-1.7214629149843517
61,nba.p.6256,Dean,Wade,C,CLE,BKN,BKN@CLE,7:30PM EST,10,18.6, , ,2024-11-09,6256,1,Dean Wade,123.17,110.18,112.62,113.29,10.0,4.0,0.0,5.0,8.0,4.0,2.0,5.0,13.3,-0.67,-2.26,-0.37,11.04,-1.03,123.1,112.6,110.0,113.3,101.1,97.6,0.23,0.251,0.418,0.454,0.531,0.543,14.2,13.9,20.9,21.8,0.201,0.281,77.1,77.5,Rocket Mortgage Fieldhouse,Barclays Center,97160.0,89003.0,6256,P,6.4,4.6,1.9,1.1,0.3,0.3,18.67,7.296464407995345,19.2,17.8,11.6,22.6,10.6,True,False,False,False,False,True,False,False,11.303535592004657,25.896464407995346,25.64,0.95,1.0,1.2317,0.9934999999999999,1.112,7.009,0.8992805755395683,0.14267370523612496,1.0,0.15865316022257098,0.4728933058113739,-1.728600747509779
62,nba.p.6267,Max,Strus,SF,CLE,BKN,BKN@CLE,7:30PM EST,22,25.7,INJ, ,2024-11-09,6267,1,Max Strus,123.17,110.18,112.62,113.29,10.0,4.0,0.0,5.0,8.0,4.0,2.0,5.0,13.3,-0.67,-2.26,-0.37,11.04,-1.03,123.1,112.6,110.0,113.3,101.1,97.6,0.23,0.251,0.418,0.454,0.531,0.543,14.2,13.9,20.9,21.8,0.201,0.281,77.1,77.5,Rocket Mortgage Fieldhouse,Barclays Center,97160.0,89003.0,6267,P,,,,,,,0.0,,,,,,,False,False,False,True,False,True,True,False,,,,0.95,1.0,1.2317,0.9934999999999999,1.112,7.009,0.8992805755395683,0.14267370523612496,1.0,0.15865316022257098,,
63,nba.p.6397,Isaac,Okoro,SF,CLE,BKN,BKN@CLE,7:30PM EST,15,15.0, , ,2024-11-09,6397,1,Isaac Okoro,123.17,110.18,112.62,113.29,10.0,4.0,0.0,5.0,8.0,4.0,2.0,5.0,13.3,-0.67,-2.26,-0.37,11.04,-1.03,123.1,112.6,110.0,113.3,101.1,97.6,0.23,0.251,0.418,0.454,0.531,0.543,14.2,13.9,20.9,21.8,0.201,0.281,77.1,77.5,Rocket Mortgage Fieldhouse,Barclays Center,97160.0,89003.0,6397,P,6.3,2.6,1.7,0.7,0.4,0.3,14.97,7.818787914021229,26.2,16.3,13.6,27.1,13.2,False,False,False,True,False,True,True,False,7.181212085978771,22.81878791402123,27.875000000000004,0.95,1.0,1.2317,0.9934999999999999,1.112,7.009,0.8992805755395683,0.14267370523612496,1.0,0.15865316022257098,0.34274313311211774,-1.8821698001185054
64,nba.p.6452,Sam,Merrill,SG,CLE,BKN,BKN@CLE,7:30PM EST,11,13.6, , ,2024-11-09,6452,1,Sam Merrill,123.17,110.18,112.62,113.29,10.0,4.0,0.0,5.0,8.0,4.0,2.0,5.0,13.3,-0.67,-2.26,-0.37,11.04,-1.03,123.1,112.6,110.0,113.3,101.1,97.6,0.23,0.251,0.418,0.454,0.531,0.543,14.2,13.9,20.9,21.8,0.201,0.281,77.1,77.5,Rocket Mortgage Fieldhouse,Barclays Center,97160.0,89003.0,6452,P,7.6,1.7,1.4,0.7,0.1,0.5,13.64,6.188555746070501,8.9,9.4,25.0,22.7,9.9,False,False,False,False,True,True,False,True,7.411444253929498,19.7885557460705,19.39,0.95,1.0,1.2317,0.9934999999999999,1.112,7.009,0.8992805755395683,0.14267370523612496,1.0,0.15865316022257098,0.3251099560233492,-1.6909948400734611
65,nba.p.6514,Evan,Mobley,PF,CLE,BKN,BKN@CLE,7:30PM EST,36,37.9, , ,2024-11-09,6514,1,Evan Mobley,123.17,110.18,112.62,113.29,10.0,4.0,0.0,5.0,8.0,4.0,2.0,5.0,13.3,-0.67,-2.26,-0.37,11.04,-1.03,123.1,112.6,110.0,113.3,101.1,97.6,0.23,0.251,0.418,0.454,0.531,0.543,14.2,13.9,20.9,21.8,0.201,0.281,77.1,77.5,Rocket Mortgage Fieldhouse,Barclays Center,97160.0,89003.0,6514,P,17.9,7.8,2.9,0.8,1.9,1.8,37.91,7.3080549167796125,40.8,38.3,36.5,28.9,35.9,False,True,False,False,False,True,True,False,30.591945083220388,45.20805491677961,53.08500000000001,0.95,1.0,1.2317,0.9934999999999999,1.112,7.009,0.8992805755395683,0.14267370523612496,1.0,0.15865316022257098,0.2719659076421042,-1.8766618537097133
66,nba.p.6579,JT,Thor,PF,CLE,BKN,BKN@CLE,7:30PM EST,10,8.2, , ,2024-11-09,6579,1,JT Thor,123.17,110.18,112.62,113.29,10.0,4.0,0.0,5.0,8.0,4.0,2.0,5.0,13.3,-0.67,-2.26,-0.37,11.04,-1.03,123.1,112.6,110.0,113.3,101.1,97.6,0.23,0.251,0.418,0.454,0.531,0.543,14.2,13.9,20.9,21.8,0.201,0.281,77.1,77.5,Rocket Mortgage Fieldhouse,Barclays Center,97160.0,89003.0,6579,P,,,,,,,0.0,,,,,,,False,True,False,False,False,True,True,False,,,,0.95,1.0,1.2317,0.9934999999999999,1.112,7.009,0.8992805755395683,0.14267370523612496,1.0,0.15865316022257098,,
67,nba.p.6746,Luke,Travers,SF,CLE,BKN,BKN@CLE,7:30PM EST,10,6.8, , ,2024-11-09,6746,1,Luke Travers,123.17,110.18,112.62,113.29,10.0,4.0,0.0,5.0,8.0,4.0,2.0,5.0,13.3,-0.67,-2.26,-0.37,11.04,-1.03,123.1,112.6,110.0,113.3,101.1,97.6,0.23,0.251,0.418,0.454,0.531,0.543,14.2,13.9,20.9,21.8,0.201,0.281,77.1,77.5,Rocket Mortgage Fieldhouse,Barclays Center,97160.0,89003.0,6746,P,2.0,1.5,1.0,0.0,0.5,0.0,6.8,,,,,,,False,False,False,True,False,True,True,False,,,,0.95,1.0,1.2317,0.9934999999999999,1.112,7.009,0.8992805755395683,0.14267370523612496,1.0,0.15865316022257098,,
68,nba.p.10066,Emoni,Bates,PG,CLE,BKN,BKN@CLE,7:30PM EST,10,4.9,INJ, ,2024-11-09,10066,1,Emoni Bates,123.17,110.18,112.62,113.29,10.0,4.0,0.0,5.0,8.0,4.0,2.0,5.0,13.3,-0.67,-2.26,-0.37,11.04,-1.03,123.1,112.6,110.0,113.3,101.1,97.6,0.23,0.251,0.418,0.454,0.531,0.543,14.2,13.9,20.9,21.8,0.201,0.281,77.1,77.5,Rocket Mortgage Fieldhouse,Barclays Center,97160.0,89003.0,10066,P,,,,,,,0.0,,,,,,,False,False,True,False,False,True,False,True,,,,0.95,1.0,1.2317,0.9934999999999999,1.112,7.009,0.8992805755395683,0.14267370523612496,1.0,0.15865316022257098,,
69,nba.p.10145,Craig,Porter Jr.,PG,CLE,BKN,BKN@CLE,7:30PM EST,10,4.8, , ,2024-11-09,10145,1,Craig Porter Jr.,123.17,110.18,112.62,113.29,10.0,4.0,0.0,5.0,8.0,4.0,2.0,5.0,13.3,-0.67,-2.26,-0.37,11.04,-1.03,123.1,112.6,110.0,113.3,101.1,97.6,0.23,0.251,0.418,0.454,0.531,0.543,14.2,13.9,20.9,21.8,0.201,0.281,77.1,77.5,Rocket Mortgage Fieldhouse,Barclays Center,97160.0,89003.0,10145,P,1.6,0.6,0.7,0.0,0.6,0.3,4.87,4.5857958752569665,3.5,11.2,-1.0,4.2,9.9,False,False,True,False,False,True,False,True,0.2142041247430333,9.385795875256967,8.684999999999999,0.95,1.0,1.2317,0.9934999999999999,1.112,7.009,0.8992805755395683,0.14267370523612496,1.0,0.15865316022257098,0.16018246337643455,-1.571649635890106
70,nba.p.10279,Jaylon,Tyson,SF,CLE,BKN,BKN@CLE,7:30PM EST,10,2.2, , ,2024-11-09,10279,1,Jaylon Tyson,123.17,110.18,112.62,113.29,10.0,4.0,0.0,5.0,8.0,4.0,2.0,5.0,13.3,-0.67,-2.26,-0.37,11.04,-1.03,123.1,112.6,110.0,113.3,101.1,97.6,0.23,0.251,0.418,0.454,0.531,0.543,14.2,13.9,20.9,21.8,0.201,0.281,77.1,77.5,Rocket Mortgage Fieldhouse,Barclays Center,97160.0,89003.0,10279,P,1.4,0.8,0.4,0.0,0.0,0.8,2.16,2.739160455322032,-1.0,2.7,3.2,0.0,5.9,False,False,False,True,False,True,True,False,-0.5391604553220319,4.939160455322032,2.7550000000000003,0.95,1.0,1.2317,0.9934999999999999,1.112,7.009,0.8992805755395683,0.14267370523612496,1.0,0.15865316022257098,0.050812053725052084,-1.2692978592792503
71,nba.p.4897,Nikola,Vucevic,C,CHI,ATL,CHI@ATL,7:30PM EST,36,41.0, , ,2024-11-09,4897,0,Nikola Vucevic,109.31,116.38,113.45,118.01,3.0,4.0,6.0,6.0,3.0,4.0,6.0,6.0,-7.44,-4.9,-0.71,-0.11,-8.16,-5.01,108.9,113.3,116.0,118.1,104.4,102.8,0.244,0.292,0.466,0.411,0.548,0.564,10.6,13.9,21.5,24.9,0.168,0.215,78.8,73.1,United Center,State Farm Arena,79180.0,92806.0,4897,P,21.2,10.1,3.4,0.4,0.9,1.6,40.72,8.222530024268686,35.0,31.5,56.0,51.7,44.3,True,False,False,False,False,True,False,False,32.777469975731314,49.222530024268686,60.0,0.95,1.0,1.0931,1.036,2.263,1.672,0.44189129474149363,0.5980861244019139,0.49138311975254095,0.6650717703349283,0.5859772456406755,-1.7604486299301148
72,nba.p.5324,Zach,LaVine,SF,CHI,ATL,CHI@ATL,7:30PM EST,28,33.6,INJ, ,2024-11-09,5324,0,Zach LaVine,109.31,116.38,113.45,118.01,3.0,4.0,6.0,6.0,3.0,4.0,6.0,6.0,-7.44,-4.9,-0.71,-0.11,-8.16,-5.01,108.9,113.3,116.0,118.1,104.4,102.8,0.244,0.292,0.466,0.411,0.548,0.564,10.6,13.9,21.5,24.9,0.168,0.215,78.8,73.1,United Center,State Farm Arena,79180.0,92806.0,5324,P,22.7,5.5,2.7,0.8,0.5,3.7,33.55,6.730230308094962,26.2,26.5,41.6,39.3,37.5,False,False,False,True,False,True,True,False,26.86976969190504,40.33023030809496,47.879999999999995,0.95,1.0,1.0931,1.036,2.263,1.672,0.44189129474149363,0.5980861244019139,0.49138311975254095,0.6650717703349283,0.6012126540273331,-1.574377405271933
73,nba.p.5764,Lonzo,Ball,PG,CHI,ATL,CHI@ATL,7:30PM EST,14,13.4,INJ, ,2024-11-09,5764,0,Lonzo Ball,109.31,116.38,113.45,118.01,3.0,4.0,6.0,6.0,3.0,4.0,6.0,6.0,-7.44,-4.9,-0.71,-0.11,-8.16,-5.01,108.9,113.3,116.0,118.1,104.4,102.8,0.244,0.292,0.466,0.411,0.548,0.564,10.6,13.9,21.5,24.9,0.168,0.215,78.8,73.1,United Center,State Farm Arena,79180.0,92806.0,5764,P,4.7,2.7,3.7,0.0,0.3,1.0,13.39,,,,,,,False,False,True,False,False,True,False,True,,,,0.95,1.0,1.0931,1.036,2.263,1.672,0.44189129474149363,0.5980861244019139,0.49138311975254095,0.6650717703349283,,
74,nba.p.5893,Torrey,Craig,PF,CHI,ATL,CHI@ATL,7:30PM EST,10,1.2,GTD, ,2024-11-09,5893,0,Torrey Craig,109.31,116.38,113.45,118.01,3.0,4.0,6.0,6.0,3.0,4.0,6.0,6.0,-7.44,-4.9,-0.71,-0.11,-8.16,-5.01,108.9,113.3,116.0,118.1,104.4,102.8,0.244,0.292,0.466,0.411,0.548,0.564,10.6,13.9,21.5,24.9,0.168,0.215,78.8,73.1,United Center,State Farm Arena,79180.0,92806.0,5893,P,0.0,1.0,0.0,0.0,0.0,0.0,1.2,,,,,,,False,True,False,False,False,True,True,False,,,,0.95,1.0,1.0931,1.036,2.263,1.672,0.44189129474149363,0.5980861244019139,0.49138311975254095,0.6650717703349283,,
75,nba.p.6043,Jevon,Carter,SG,CHI,ATL,CHI@ATL,7:30PM EST,10,4.5, , ,2024-11-09,6043,0,Jevon Carter,109.31,116.38,113.45,118.01,3.0,4.0,6.0,6.0,3.0,4.0,6.0,6.0,-7.44,-4.9,-0.71,-0.11,-8.16,-5.01,108.9,113.3,116.0,118.1,104.4,102.8,0.244,0.292,0.466,0.411,0.548,0.564,10.6,13.9,21.5,24.9,0.168,0.215,78.8,73.1,United Center,State Farm Arena,79180.0,92806.0,6043,P,1.7,0.7,0.7,0.3,0.0,0.0,4.49,,,,,,,False,False,False,False,True,True,False,True,,,,0.95,1.0,1.0931,1.036,2.263,1.672,0.44189129474149363,0.5980861244019139,0.49138311975254095,0.6650717703349283,,
76,nba.p.6169,Coby,White,PG,CHI,ATL,CHI@ATL,7:30PM EST,32,32.1, , ,2024-11-09,6169,0,Coby White,109.31,116.38,113.45,118.01,3.0,4.0,6.0,6.0,3.0,4.0,6.0,6.0,-7.44,-4.9,-0.71,-0.11,-8.16,-5.01,108.9,113.3,116.0,118.1,104.4,102.8,0.244,0.292,0.466,0.411,0.548,0.564,10.6,13.9,21.5,24.9,0.168,0.215,78.8,73.1,United Center,State Farm Arena,79180.0,92806.0,6169,P,19.6,3.4,5.0,1.1,0.1,2.8,31.98,13.02533855392805,33.0,15.7,44.8,28.8,28.9,False,False,True,False,False,True,False,True,19.07466144607195,45.12533855392805,42.545,0.95,1.0,1.0931,1.036,2.263,1.672,0.44189129474149363,0.5980861244019139,0.49138311975254095,0.6650717703349283,0.4674450359209227,-2.2573427726438826
77,nba.p.6234,Talen,Horton-Tucker,SG,CHI,ATL,CHI@ATL,7:30PM EST,13,10.6, , ,2024-11-09,6234,0,Talen Horton-Tucker,109.31,116.38,113.45,118.01,3.0,4.0,6.0,6.0,3.0,4.0,6.0,6.0,-7.44,-4.9,-0.71,-0.11,-8.16,-5.01,108.9,113.3,116.0,118.1,104.4,102.8,0.244,0.292,0.466,0.411,0.548,0.564,10.6,13.9,21.5,24.9,0.168,0.215,78.8,73.1,United Center,State Farm Arena,79180.0,92806.0,6234,P,5.1,2.4,1.7,0.0,0.1,0.4,10.43,10.346128790633768,22.0,19.4,23.2,4.5,2.4000000000000004,False,False,False,False,True,True,False,True,0.2538712093662312,20.946128790633768,17.605,0.95,1.0,1.0931,1.036,2.263,1.672,0.44189129474149363,0.5980861244019139,0.49138311975254095,0.6650717703349283,0.4761290496694198,-2.0394534556510977
78,nba.p.6396,Patrick,Williams,SF,CHI,ATL,CHI@ATL,7:30PM EST,16,19.1, , ,2024-11-09,6396,0,Patrick Williams,109.31,116.38,113.45,118.01,3.0,4.0,6.0,6.0,3.0,4.0,6.0,6.0,-7.44,-4.9,-0.71,-0.11,-8.16,-5.01,108.9,113.3,116.0,118.1,104.4,102.8,0.244,0.292,0.466,0.411,0.548,0.564,10.6,13.9,21.5,24.9,0.168,0.215,78.8,73.1,United Center,State Farm Arena,79180.0,92806.0,6396,P,8.4,4.8,1.7,1.0,0.4,1.9,19.01,5.261600939300171,20.5,12.7,20.4,14.7,23.4,False,False,False,True,False,True,True,False,13.838399060699832,24.36160093930017,26.875,0.95,1.0,1.0931,1.036,2.263,1.672,0.44189129474149363,0.5980861244019139,0.49138311975254095,0.6650717703349283,0.5905551928722433,-1.370352760327296
79,nba.p.6402,Jalen,Smith,C,CHI,ATL,CHI@ATL,7:30PM EST,14,17.7,GTD, ,2024-11-09,6402,0,Jalen Smith,109.31,116.38,113.45,118.01,3.0,4.0,6.0,6.0,3.0,4.0,6.0,6.0,-7.44,-4.9,-0.71,-0.11,-8.16,-5.01,108.9,113.3,116.0,118.1,104.4,102.8,0.244,0.292,0.466,0.411,0.548,0.564,10.6,13.9,21.5,24.9,0.168,0.215,78.8,73.1,United Center,State Farm Arena,79180.0,92806.0,6402,P,8.8,5.3,0.4,0.6,0.3,0.5,17.96,6.447577064293221,18.2,10.0,19.1,13.0,28.9,True,False,False,False,False,True,False,False,11.252422935706779,24.14757706429322,25.97,0.95,1.0,1.0931,1.036,2.263,1.672,0.44189129474149363,0.5980861244019139,0.49138311975254095,0.6650717703349283,0.6521926743980718,-1.5057854539350792
80,nba.p.6548,Josh,Giddey,SG,CHI,ATL,CHI@ATL,7:30PM EST,28,31.7, , ,2024-11-09,6548,0,Josh Giddey,109.31,116.38,113.45,118.01,3.0,4.0,6.0,6.0,3.0,4.0,6.0,6.0,-7.44,-4.9,-0.71,-0.11,-8.16,-5.01,108.9,113.3,116.0,118.1,104.4,102.8,0.244,0.292,0.466,0.411,0.548,0.564,10.6,13.9,21.5,24.9,0.168,0.215,78.8,73.1,United Center,State Farm Arena,79180.0,92806.0,6548,P,13.6,6.6,7.0,0.7,0.1,2.6,31.82,8.651878408761881,35.7,20.6,27.9,32.2,42.7,False,False,False,False,True,True,False,True,23.048121591238118,40.35187840876188,47.629999999999995,0.95,1.0,1.0931,1.036,2.263,1.672,0.44189129474149363,0.5980861244019139,0.49138311975254095,0.6650717703349283,0.5980734902114008,-1.79835371501118
81,nba.p.6555,Chris,Duarte,SF,CHI,ATL,CHI@ATL,7:30PM EST,10,4.6, , ,2024-11-09,6555,0,Chris Duarte,109.31,116.38,113.45,118.01,3.0,4.0,6.0,6.0,3.0,4.0,6.0,6.0,-7.44,-4.9,-0.71,-0.11,-8.16,-5.01,108.9,113.3,116.0,118.1,104.4,102.8,0.244,0.292,0.466,0.411,0.548,0.564,10.6,13.9,21.5,24.9,0.168,0.215,78.8,73.1,United Center,State Farm Arena,79180.0,92806.0,6555,P,3.3,0.5,0.5,0.0,0.0,0.0,4.65,,,,,,,False,False,False,True,False,True,True,False,,,,0.95,1.0,1.0931,1.036,2.263,1.672,0.44189129474149363,0.5980861244019139,0.49138311975254095,0.6650717703349283,,
82,nba.p.6580,Ayo,Dosunmu,PG,CHI,ATL,CHI@ATL,7:30PM EST,22,22.4, , ,2024-11-09,6580,0,Ayo Dosunmu,109.31,116.38,113.45,118.01,3.0,4.0,6.0,6.0,3.0,4.0,6.0,6.0,-7.44,-4.9,-0.71,-0.11,-8.16,-5.01,108.9,113.3,116.0,118.1,104.4,102.8,0.244,0.292,0.466,0.411,0.548,0.564,10.6,13.9,21.5,24.9,0.168,0.215,78.8,73.1,United Center,State Farm Arena,79180.0,92806.0,6580,P,9.9,5.1,4.0,0.1,0.4,1.3,22.22,8.222090839791166,21.6,16.0,40.5,19.9,25.8,False,False,True,False,False,True,False,True,14.177909160208833,30.622090839791163,32.09,0.95,1.0,1.0931,1.036,2.263,1.672,0.44189129474149363,0.5980861244019139,0.49138311975254095,0.6650717703349283,0.5128366312529803,-1.807615331794826
83,nba.p.6651,DJ,Steward,PG,CHI,ATL,CHI@ATL,7:30PM EST,10,0.0, , ,2024-11-09,6651,0,DJ Steward,109.31,116.38,113.45,118.01,3.0,4.0,6.0,6.0,3.0,4.0,6.0,6.0,-7.44,-4.9,-0.71,-0.11,-8.16,-5.01,108.9,113.3,116.0,118.1,104.4,102.8,0.244,0.292,0.466,0.411,0.548,0.564,10.6,13.9,21.5,24.9,0.168,0.215,78.8,73.1,United Center,State Farm Arena,79180.0,92806.0,6651,P,,,,,,,0.0,,,,,,,False,False,True,False,False,True,False,True,,,,0.95,1.0,1.0931,1.036,2.263,1.672,0.44189129474149363,0.5980861244019139,0.49138311975254095,0.6650717703349283,,
84,nba.p.6708,Dalen,Terry,SF,CHI,ATL,CHI@ATL,7:30PM EST,11,9.3, , ,2024-11-09,6708,0,Dalen Terry,109.31,116.38,113.45,118.01,3.0,4.0,6.0,6.0,3.0,4.0,6.0,6.0,-7.44,-4.9,-0.71,-0.11,-8.16,-5.01,108.9,113.3,116.0,118.1,104.4,102.8,0.244,0.292,0.466,0.411,0.548,0.564,10.6,13.9,21.5,24.9,0.168,0.215,78.8,73.1,United Center,State Farm Arena,79180.0,92806.0,6708,P,3.6,1.7,1.0,0.7,0.4,0.9,9.54,6.5692465321374565,15.100000000000001,19.3,14.4,11.9,4.4,False,False,False,True,False,True,True,False,2.7307534678625442,15.869246532137456,16.905,0.95,1.0,1.0931,1.036,2.263,1.672,0.44189129474149363,0.5980861244019139,0.49138311975254095,0.6650717703349283,0.5403242911393975,-1.5921005561734274
85,nba.p.6731,E.J.,Liddell,C,CHI,ATL,CHI@ATL,7:30PM EST,10,2.5, , ,2024-11-09,6731,0,E.J. Liddell,109.31,116.38,113.45,118.01,3.0,4.0,6.0,6.0,3.0,4.0,6.0,6.0,-7.44,-4.9,-0.71,-0.11,-8.16,-5.01,108.9,113.3,116.0,118.1,104.4,102.8,0.244,0.292,0.466,0.411,0.548,0.564,10.6,13.9,21.5,24.9,0.168,0.215,78.8,73.1,United Center,State Farm Arena,79180.0,92806.0,6731,P,,,,,,,0.0,,,,,,,True,False,False,False,False,True,False,False,,,,0.95,1.0,1.0931,1.036,2.263,1.672,0.44189129474149363,0.5980861244019139,0.49138311975254095,0.6650717703349283,,
86,nba.p.10083,Julian,Phillips,PF,CHI,ATL,CHI@ATL,7:30PM EST,10,9.0, , ,2024-11-09,10083,0,Julian Phillips,109.31,116.38,113.45,118.01,3.0,4.0,6.0,6.0,3.0,4.0,6.0,6.0,-7.44,-4.9,-0.71,-0.11,-8.16,-5.01,108.9,113.3,116.0,118.1,104.4,102.8,0.244,0.292,0.466,0.411,0.548,0.564,10.6,13.9,21.5,24.9,0.168,0.215,78.8,73.1,United Center,State Farm Arena,79180.0,92806.0,10083,P,4.3,1.4,0.4,0.9,0.0,0.4,8.88,2.4895336466450453,10.2,10.4,8.7,5.9,6.199999999999999,False,True,False,False,False,True,True,False,6.510466353354955,11.489533646645045,12.2,0.95,1.0,1.0931,1.036,2.263,1.672,0.44189129474149363,0.5980861244019139,0.49138311975254095,0.6650717703349283,0.4289353438089744,-0.8928384495183804
87,nba.p.10126,Adama,Sanogo,C,CHI,ATL,CHI@ATL,7:30PM EST,10,3.4, , ,2024-11-09,10126,0,Adama Sanogo,109.31,116.38,113.45,118.01,3.0,4.0,6.0,6.0,3.0,4.0,6.0,6.0,-7.44,-4.9,-0.71,-0.11,-8.16,-5.01,108.9,113.3,116.0,118.1,104.4,102.8,0.244,0.292,0.466,0.411,0.548,0.564,10.6,13.9,21.5,24.9,0.168,0.215,78.8,73.1,United Center,State Farm Arena,79180.0,92806.0,10126,P,2.0,0.5,0.5,0.0,0.0,0.0,3.35,,,,,,,True,False,False,False,False,True,False,False,,,,0.95,1.0,1.0931,1.036,2.263,1.672,0.44189129474149363,0.5980861244019139,0.49138311975254095,0.6650717703349283,,
88,nba.p.10265,Matas,Buzelis,SF,CHI,ATL,CHI@ATL,7:30PM EST,12,8.0, , ,2024-11-09,10265,0,Matas Buzelis,109.31,116.38,113.45,118.01,3.0,4.0,6.0,6.0,3.0,4.0,6.0,6.0,-7.44,-4.9,-0.71,-0.11,-8.16,-5.01,108.9,113.3,116.0,118.1,104.4,102.8,0.244,0.292,0.466,0.411,0.548,0.564,10.6,13.9,21.5,24.9,0.168,0.215,78.8,73.1,United Center,State Farm Arena,79180.0,92806.0,10265,P,2.5,2.0,0.4,0.6,0.4,0.5,8.0,10.943221972657648,15.600000000000001,31.799999999999997,1.2,0.0,0.0,False,False,False,True,False,True,True,False,-2.943221972657648,18.943221972657646,14.3,0.95,1.0,1.0931,1.036,2.263,1.672,0.44189129474149363,0.5980861244019139,0.49138311975254095,0.6650717703349283,0.41897373063308296,-2.1302300331032242
89,nba.p.5155,Cody,Zeller,C,ATL,CHI,CHI@ATL,7:30PM EST,10,7.0,INJ, ,2024-11-09,5155,1,Cody Zeller,113.45,118.01,109.31,116.38,4.0,3.0,6.0,6.0,4.0,3.0,6.0,6.0,-4.9,-7.44,-0.11,-0.71,-5.01,-8.16,113.3,108.9,118.1,116.0,102.8,104.4,0.292,0.244,0.411,0.466,0.564,0.548,13.9,10.6,24.9,21.5,0.215,0.168,73.1,78.8,State Farm Arena,United Center,92806.0,79180.0,5155,P,,,,,,,0.0,,,,,,,True,False,False,False,False,True,False,False,,,,0.95,1.0,1.1345,1.036,1.672,2.263,0.5980861244019139,0.44189129474149363,0.6650717703349283,0.49138311975254095,,
90,nba.p.5336,Clint,Capela,C,ATL,CHI,CHI@ATL,7:30PM EST,27,21.6, , ,2024-11-09,5336,1,Clint Capela,113.45,118.01,109.31,116.38,4.0,3.0,6.0,6.0,4.0,3.0,6.0,6.0,-4.9,-7.44,-0.11,-0.71,-5.01,-8.16,113.3,108.9,118.1,116.0,102.8,104.4,0.292,0.244,0.411,0.466,0.564,0.548,13.9,10.6,24.9,21.5,0.215,0.168,73.1,78.8,State Farm Arena,United Center,92806.0,79180.0,5336,P,9.6,7.0,1.1,0.4,0.6,1.1,21.55,6.424129858933772,22.4,25.7,8.5,15.8,28.5,True,False,False,False,False,True,False,False,15.17587014106623,28.024129858933772,32.0,0.95,1.0,1.1345,1.036,1.672,2.263,0.5980861244019139,0.44189129474149363,0.6650717703349283,0.49138311975254095,0.43247680756541707,-1.645330507810919
91,nba.p.5338,Bogdan,Bogdanovic,SG,ATL,CHI,CHI@ATL,7:30PM EST,25,17.4,INJ, ,2024-11-09,5338,1,Bogdan Bogdanovic,113.45,118.01,109.31,116.38,4.0,3.0,6.0,6.0,4.0,3.0,6.0,6.0,-4.9,-7.44,-0.11,-0.71,-5.01,-8.16,113.3,108.9,118.1,116.0,102.8,104.4,0.292,0.244,0.411,0.466,0.564,0.548,13.9,10.6,24.9,21.5,0.215,0.168,73.1,78.8,State Farm Arena,United Center,92806.0,79180.0,5338,P,8.0,2.0,2.0,0.0,2.0,2.0,17.4,,,,,,,False,False,False,False,True,True,False,True,,,,0.95,1.0,1.1345,1.036,1.672,2.263,0.5980861244019139,0.44189129474149363,0.6650717703349283,0.49138311975254095,,
92,nba.p.5487,Larry,Nance Jr.,C,ATL,CHI,CHI@ATL,7:30PM EST,10,16.3, , ,2024-11-09,5487,1,Larry Nance Jr.,113.45,118.01,109.31,116.38,4.0,3.0,6.0,6.0,4.0,3.0,6.0,6.0,-4.9,-7.44,-0.11,-0.71,-5.01,-8.16,113.3,108.9,118.1,116.0,102.8,104.4,0.292,0.244,0.411,0.466,0.564,0.548,13.9,10.6,24.9,21.5,0.215,0.168,73.1,78.8,State Farm Arena,United Center,92806.0,79180.0,5487,P,9.2,2.6,1.2,0.8,0.2,0.8,16.32,13.174672671455637,20.2,23.2,3.5999999999999996,2.0,32.6,True,False,False,False,False,True,False,False,3.1253273285443637,29.474672671455636,26.049999999999997,0.95,1.0,1.1345,1.036,1.672,2.263,0.5980861244019139,0.44189129474149363,0.6650717703349283,0.49138311975254095,0.9505705081285504,-1.9833348593294347
93,nba.p.6016,Trae,Young,PG,ATL,CHI,CHI@ATL,7:30PM EST,42,47.1, , ,2024-11-09,6016,1,Trae Young,113.45,118.01,109.31,116.38,4.0,3.0,6.0,6.0,4.0,3.0,6.0,6.0,-4.9,-7.44,-0.11,-0.71,-5.01,-8.16,113.3,108.9,118.1,116.0,102.8,104.4,0.292,0.244,0.411,0.466,0.564,0.548,13.9,10.6,24.9,21.5,0.215,0.168,73.1,78.8,State Farm Arena,United Center,92806.0,79180.0,6016,P,24.9,4.3,11.1,1.4,0.2,4.4,47.11,17.456832473275327,59.9,49.2,11.0,46.8,44.0,False,False,True,False,False,True,False,True,29.643167526724675,64.55683247327534,69.9,0.95,1.0,1.1345,1.036,1.672,2.263,0.5980861244019139,0.44189129474149363,0.6650717703349283,0.49138311975254095,0.6073016956236694,-2.4408778181444
94,nba.p.6166,De'Andre,Hunter,SF,ATL,CHI,CHI@ATL,7:30PM EST,20,33.3,INJ, ,2024-11-09,6166,1,De'Andre Hunter,113.45,118.01,109.31,116.38,4.0,3.0,6.0,6.0,4.0,3.0,6.0,6.0,-4.9,-7.44,-0.11,-0.71,-5.01,-8.16,113.3,108.9,118.1,116.0,102.8,104.4,0.292,0.244,0.411,0.466,0.564,0.548,13.9,10.6,24.9,21.5,0.215,0.168,73.1,78.8,State Farm Arena,United Center,92806.0,79180.0,6166,P,18.0,6.5,2.0,1.0,0.5,0.0,33.3,,,,,,,False,False,False,True,False,True,True,False,,,,0.95,1.0,1.1345,1.036,1.672,2.263,0.5980861244019139,0.44189129474149363,0.6650717703349283,0.49138311975254095,,
95,nba.p.6259,Garrison,Mathews,SG,ATL,CHI,CHI@ATL,7:30PM EST,12,18.3, , ,2024-11-09,6259,1,Garrison Mathews,113.45,118.01,109.31,116.38,4.0,3.0,6.0,6.0,4.0,3.0,6.0,6.0,-4.9,-7.44,-0.11,-0.71,-5.01,-8.16,113.3,108.9,118.1,116.0,102.8,104.4,0.292,0.244,0.411,0.466,0.564,0.548,13.9,10.6,24.9,21.5,0.215,0.168,73.1,78.8,State Farm Arena,United Center,92806.0,79180.0,6259,P,11.4,1.4,1.6,0.9,0.2,0.6,18.18,7.82870430602096,14.9,18.6,16.0,14.1,36.2,False,False,False,False,True,True,False,True,10.471295693979041,26.12870430602096,28.884999999999998,0.95,1.0,1.1345,1.036,1.672,2.263,0.5980861244019139,0.44189129474149363,0.6650717703349283,0.49138311975254095,0.8783502599901848,-1.5476143958260176
96,nba.p.6398,Onyeka,Okongwu,C,ATL,CHI,CHI@ATL,7:30PM EST,20,24.6, , ,2024-11-09,6398,1,Onyeka Okongwu,113.45,118.01,109.31,116.38,4.0,3.0,6.0,6.0,4.0,3.0,6.0,6.0,-4.9,-7.44,-0.11,-0.71,-5.01,-8.16,113.3,108.9,118.1,116.0,102.8,104.4,0.292,0.244,0.411,0.466,0.564,0.548,13.9,10.6,24.9,21.5,0.215,0.168,73.1,78.8,State Farm Arena,United Center,92806.0,79180.0,6398,P,11.3,5.6,2.0,0.8,0.8,0.5,25.32,10.799603167312611,20.5,17.3,35.0,23.3,11.6,True,False,False,False,False,True,False,False,13.80039683268739,35.39960316731261,29.925,0.95,1.0,1.1345,1.036,1.672,2.263,0.5980861244019139,0.44189129474149363,0.6650717703349283,0.49138311975254095,0.5459850759260436,-2.0324046042453965
97,nba.p.6429,Vit,Krejci,SG,ATL,CHI,CHI@ATL,7:30PM EST,10,9.5,INJ, ,2024-11-09,6429,1,Vit Krejci,113.45,118.01,109.31,116.38,4.0,3.0,6.0,6.0,4.0,3.0,6.0,6.0,-4.9,-7.44,-0.11,-0.71,-5.01,-8.16,113.3,108.9,118.1,116.0,102.8,104.4,0.292,0.244,0.411,0.466,0.564,0.548,13.9,10.6,24.9,21.5,0.215,0.168,73.1,78.8,State Farm Arena,United Center,92806.0,79180.0,6429,P,4.5,1.3,1.0,0.8,0.3,1.0,9.86,,,,,,,False,False,False,False,True,True,False,True,,,,0.95,1.0,1.1345,1.036,1.672,2.263,0.5980861244019139,0.44189129474149363,0.6650717703349283,0.49138311975254095,,
98,nba.p.6562,Jalen,Johnson,PF,ATL,CHI,CHI@ATL,7:30PM EST,35,42.3, , ,2024-11-09,6562,1,Jalen Johnson,113.45,118.01,109.31,116.38,4.0,3.0,6.0,6.0,4.0,3.0,6.0,6.0,-4.9,-7.44,-0.11,-0.71,-5.01,-8.16,113.3,108.9,118.1,116.0,102.8,104.4,0.292,0.244,0.411,0.466,0.564,0.548,13.9,10.6,24.9,21.5,0.215,0.168,73.1,78.8,State Farm Arena,United Center,92806.0,79180.0,6562,P,19.0,10.4,4.9,1.4,0.9,3.4,42.33,12.704334343487309,34.3,52.5,36.2,59.8,36.5,False,True,False,False,False,True,True,False,29.595665656512686,55.00433434348731,63.595,0.95,1.0,1.1345,1.036,1.672,2.263,0.5980861244019139,0.44189129474149363,0.6650717703349283,0.49138311975254095,0.6630274906984936,-2.1090724273739676
99,nba.p.6698,Dyson,Daniels,SF,ATL,CHI,CHI@ATL,7:30PM EST,14,31.1, , ,2024-11-09,6698,1,Dyson Daniels,113.45,118.01,109.31,116.38,4.0,3.0,6.0,6.0,4.0,3.0,6.0,6.0,-4.9,-7.44,-0.11,-0.71,-5.01,-8.16,113.3,108.9,118.1,116.0,102.8,104.4,0.292,0.244,0.411,0.466,0.564,0.548,13.9,10.6,24.9,21.5,0.215,0.168,73.1,78.8,State Farm Arena,United Center,92806.0,79180.0,6698,P,12.4,4.0,2.4,3.0,0.9,1.3,31.2,10.479427124473116,49.6,28.0,16.9,27.5,25.1,False,False,False,True,False,True,True,False,20.620572875526886,41.57942712447311,46.915,0.95,1.0,1.1345,1.036,1.672,2.263,0.5980861244019139,0.44189129474149363,0.6650717703349283,0.49138311975254095,1.2228136931409637,-1.6417826648804843
100,nba.p.6713,David,Roddy,SF,ATL,CHI,CHI@ATL,7:30PM EST,11,19.1, , ,2024-11-09,6713,1,David Roddy,113.45,118.01,109.31,116.38,4.0,3.0,6.0,6.0,4.0,3.0,6.0,6.0,-4.9,-7.44,-0.11,-0.71,-5.01,-8.16,113.3,108.9,118.1,116.0,102.8,104.4,0.292,0.244,0.411,0.466,0.564,0.548,13.9,10.6,24.9,21.5,0.215,0.168,73.1,78.8,State Farm Arena,United Center,92806.0,79180.0,6713,P,8.3,4.9,2.3,0.8,0.3,1.4,19.53,8.007318081426693,13.5,3.9,20.7,15.1,28.6,False,False,False,True,False,True,True,False,11.092681918573309,27.107318081426694,24.43,0.95,1.0,1.1345,1.036,1.672,2.263,0.5980861244019139,0.44189129474149363,0.6650717703349283,0.49138311975254095,0.8104148495404112,-1.6044813494347878
101,nba.p.6791,Dominick,Barlow,PF,ATL,CHI,CHI@ATL,7:30PM EST,10,0.5, , ,2024-11-09,6791,1,Dominick Barlow,113.45,118.01,109.31,116.38,4.0,3.0,6.0,6.0,4.0,3.0,6.0,6.0,-4.9,-7.44,-0.11,-0.71,-5.01,-8.16,113.3,108.9,118.1,116.0,102.8,104.4,0.292,0.244,0.411,0.466,0.564,0.548,13.9,10.6,24.9,21.5,0.215,0.168,73.1,78.8,State Farm Arena,United Center,92806.0,79180.0,6791,P,0.5,0.0,0.0,0.0,0.0,0.0,0.5,,,,,,,False,True,False,False,False,True,True,False,,,,0.95,1.0,1.1345,1.036,1.672,2.263,0.5980861244019139,0.44189129474149363,0.6650717703349283,0.49138311975254095,,
102,nba.p.10053,Keaton,Wallace,PG,ATL,CHI,CHI@ATL,7:30PM EST,13,12.3, , ,2024-11-09,10053,1,Keaton Wallace,113.45,118.01,109.31,116.38,4.0,3.0,6.0,6.0,4.0,3.0,6.0,6.0,-4.9,-7.44,-0.11,-0.71,-5.01,-8.16,113.3,108.9,118.1,116.0,102.8,104.4,0.292,0.244,0.411,0.466,0.564,0.548,13.9,10.6,24.9,21.5,0.215,0.168,73.1,78.8,State Farm Arena,United Center,92806.0,79180.0,10053,P,5.6,1.4,1.0,1.0,0.5,1.0,12.28,11.079807888999829,3.0,9.0,29.8,13.9,27.1,False,False,True,False,False,True,False,True,1.2201921110001717,23.379807888999828,19.36,0.95,1.0,1.1345,1.036,1.672,2.263,0.5980861244019139,0.44189129474149363,0.6650717703349283,0.49138311975254095,0.5434237424293145,-2.057532131029689
103,nba.p.10069,Mouhamed,Gueye,C,ATL,CHI,CHI@ATL,7:30PM EST,10,1.7, , ,2024-11-09,10069,1,Mouhamed Gueye,113.45,118.01,109.31,116.38,4.0,3.0,6.0,6.0,4.0,3.0,6.0,6.0,-4.9,-7.44,-0.11,-0.71,-5.01,-8.16,113.3,108.9,118.1,116.0,102.8,104.4,0.292,0.244,0.411,0.466,0.564,0.548,13.9,10.6,24.9,21.5,0.215,0.168,73.1,78.8,State Farm Arena,United Center,92806.0,79180.0,10069,P,1.0,1.0,0.0,0.0,0.0,0.5,1.7,,,,,,,True,False,False,False,False,True,False,False,,,,0.95,1.0,1.1345,1.036,1.672,2.263,0.5980861244019139,0.44189129474149363,0.6650717703349283,0.49138311975254095,,
104,nba.p.10073,Seth,Lundy,SG,ATL,CHI,CHI@ATL,7:30PM EST,10,2.4,INJ, ,2024-11-09,10073,1,Seth Lundy,113.45,118.01,109.31,116.38,4.0,3.0,6.0,6.0,4.0,3.0,6.0,6.0,-4.9,-7.44,-0.11,-0.71,-5.01,-8.16,113.3,108.9,118.1,116.0,102.8,104.4,0.292,0.244,0.411,0.466,0.564,0.548,13.9,10.6,24.9,21.5,0.215,0.168,73.1,78.8,State Farm Arena,United Center,92806.0,79180.0,10073,P,,,,,,,0.0,,,,,,,False,False,False,False,True,True,False,True,,,,0.95,1.0,1.1345,1.036,1.672,2.263,0.5980861244019139,0.44189129474149363,0.6650717703349283,0.49138311975254095,,
105,nba.p.10105,Kobe,Bufkin,PG,ATL,CHI,CHI@ATL,7:30PM EST,10,11.0,INJ, ,2024-11-09,10105,1,Kobe Bufkin,113.45,118.01,109.31,116.38,4.0,3.0,6.0,6.0,4.0,3.0,6.0,6.0,-4.9,-7.44,-0.11,-0.71,-5.01,-8.16,113.3,108.9,118.1,116.0,102.8,104.4,0.292,0.244,0.411,0.466,0.564,0.548,13.9,10.6,24.9,21.5,0.215,0.168,73.1,78.8,State Farm Arena,United Center,92806.0,79180.0,10105,P,,,,,,,0.0,,,,,,,False,False,True,False,False,True,False,True,,,,0.95,1.0,1.1345,1.036,1.672,2.263,0.5980861244019139,0.44189129474149363,0.6650717703349283,0.49138311975254095,,
106,nba.p.10296,Zaccharie,Risacher,SF,ATL,CHI,CHI@ATL,7:30PM EST,19,22.5, , ,2024-11-09,10296,1,Zaccharie Risacher,113.45,118.01,109.31,116.38,4.0,3.0,6.0,6.0,4.0,3.0,6.0,6.0,-4.9,-7.44,-0.11,-0.71,-5.01,-8.16,113.3,108.9,118.1,116.0,102.8,104.4,0.292,0.244,0.411,0.466,0.564,0.548,13.9,10.6,24.9,21.5,0.215,0.168,73.1,78.8,State Farm Arena,United Center,92806.0,79180.0,10296,P,11.5,3.7,1.5,1.0,0.9,1.4,22.49,16.483287832764972,17.5,60.9,19.6,25.5,3.2,False,False,False,True,False,True,True,False,6.016712167235028,38.98328783276497,34.584999999999994,0.95,1.0,1.1345,1.036,1.672,2.263,0.5980861244019139,0.44189129474149363,0.6650717703349283,0.49138311975254095,0.6642182245403762,-2.3518899653039145
107,nba.p.4682,Garrett,Temple,SG,TOR,LAC,TOR@LAC,10:30PM EST,10,4.0,GTD, ,2024-11-09,4682,0,Garrett Temple,114.44,121.19,111.84,109.3,2.0,5.0,7.0,4.0,3.0,5.0,6.0,4.0,-6.67,2.22,1.32,2.23,-5.35,4.45,114.5,111.3,121.0,109.1,100.7,96.7,0.256,0.257,0.344,0.384,0.551,0.536,12.2,14.2,31.6,28.1,0.305,0.211,71.5,79.3,Scotiabank Arena,Intuit Dome,96842.0,100235.0,4682,P,1.0,0.0,1.0,0.5,0.0,0.0,4.0,,,,,,,False,False,False,False,True,True,False,True,,,,0.95,1.0,1.1444,0.987,3.1109999999999998,1.388,0.32144005143040827,0.7204610951008646,0.357441337190614,0.8011527377521616,,
108,nba.p.5164,Kelly,Olynyk,C,TOR,LAC,TOR@LAC,10:30PM EST,22,24.8,INJ, ,2024-11-09,5164,0,Kelly Olynyk,114.44,121.19,111.84,109.3,2.0,5.0,7.0,4.0,3.0,5.0,6.0,4.0,-6.67,2.22,1.32,2.23,-5.35,4.45,114.5,111.3,121.0,109.1,100.7,96.7,0.256,0.257,0.344,0.384,0.551,0.536,12.2,14.2,31.6,28.1,0.305,0.211,71.5,79.3,Scotiabank Arena,Intuit Dome,96842.0,100235.0,5164,P,,,,,,,0.0,,,,,,,True,False,False,False,False,True,False,False,,,,0.95,1.0,1.1444,0.987,3.1109999999999998,1.388,0.32144005143040827,0.7204610951008646,0.357441337190614,0.8011527377521616,,
109,nba.p.5640,Jakob,Poltl,C,TOR,LAC,TOR@LAC,10:30PM EST,26,37.2, , ,2024-11-09,5640,0,Jakob Poltl,114.44,121.19,111.84,109.3,2.0,5.0,7.0,4.0,3.0,5.0,6.0,4.0,-6.67,2.22,1.32,2.23,-5.35,4.45,114.5,111.3,121.0,109.1,100.7,96.7,0.256,0.257,0.344,0.384,0.551,0.536,12.2,14.2,31.6,28.1,0.305,0.211,71.5,79.3,Scotiabank Arena,Intuit Dome,96842.0,100235.0,5640,P,15.0,11.4,3.0,1.1,1.1,2.7,37.08,11.901785580323653,28.6,48.7,31.799999999999997,49.4,47.2,True,False,False,False,False,True,False,False,25.29821441967635,49.10178558032366,58.94000000000001,0.95,1.0,1.1444,0.987,3.1109999999999998,1.388,0.32144005143040827,0.7204610951008646,0.357441337190614,0.8011527377521616,0.6965871967856104,-2.028747016900569
110,nba.p.5894,Chris,Boucher,PF,TOR,LAC,TOR@LAC,10:30PM EST,11,20.0, , ,2024-11-09,5894,0,Chris Boucher,114.44,121.19,111.84,109.3,2.0,5.0,7.0,4.0,3.0,5.0,6.0,4.0,-6.67,2.22,1.32,2.23,-5.35,4.45,114.5,111.3,121.0,109.1,100.7,96.7,0.256,0.257,0.344,0.384,0.551,0.536,12.2,14.2,31.6,28.1,0.305,0.211,71.5,79.3,Scotiabank Arena,Intuit Dome,96842.0,100235.0,5894,P,10.6,4.0,0.7,0.4,0.9,0.6,19.75,7.472783952450385,21.8,12.3,31.5,12.9,21.3,False,True,False,False,False,True,True,False,12.527216047549615,27.472783952450385,27.125,0.95,1.0,1.1444,0.987,3.1109999999999998,1.388,0.32144005143040827,0.7204610951008646,0.357441337190614,0.8011527377521616,0.757732240079359,-1.5728346602723657
111,nba.p.6053,Bruce,Brown,SF,TOR,LAC,TOR@LAC,10:30PM EST,19,22.3,INJ, ,2024-11-09,6053,0,Bruce Brown,114.44,121.19,111.84,109.3,2.0,5.0,7.0,4.0,3.0,5.0,6.0,4.0,-6.67,2.22,1.32,2.23,-5.35,4.45,114.5,111.3,121.0,109.1,100.7,96.7,0.256,0.257,0.344,0.384,0.551,0.536,12.2,14.2,31.6,28.1,0.305,0.211,71.5,79.3,Scotiabank Arena,Intuit Dome,96842.0,100235.0,6053,P,,,,,,,0.0,,,,,,,False,False,False,True,False,True,True,False,,,,0.95,1.0,1.1444,0.987,3.1109999999999998,1.388,0.32144005143040827,0.7204610951008646,0.357441337190614,0.8011527377521616,,
112,nba.p.6165,RJ,Barrett,SF,TOR,LAC,TOR@LAC,10:30PM EST,33,42.4, , ,2024-11-09,6165,0,RJ Barrett,114.44,121.19,111.84,109.3,2.0,5.0,7.0,4.0,3.0,5.0,6.0,4.0,-6.67,2.22,1.32,2.23,-5.35,4.45,114.5,111.3,121.0,109.1,100.7,96.7,0.256,0.257,0.344,0.384,0.551,0.536,12.2,14.2,31.6,28.1,0.305,0.211,71.5,79.3,Scotiabank Arena,Intuit Dome,96842.0,100235.0,6165,P,25.7,5.3,7.0,1.0,0.0,3.2,42.36,10.694110528697557,34.1,36.2,51.8,53.0,50.8,False,False,False,True,False,True,True,False,31.70588947130244,53.094110528697556,62.97,0.95,1.0,1.1444,0.987,3.1109999999999998,1.388,0.32144005143040827,0.7204610951008646,0.357441337190614,0.8011527377521616,0.586352063383069,-1.9976482609182418
113,nba.p.6222,Bruno,Fernando,C,TOR,LAC,TOR@LAC,10:30PM EST,10,8.3, , ,2024-11-09,6222,0,Bruno Fernando,114.44,121.19,111.84,109.3,2.0,5.0,7.0,4.0,3.0,5.0,6.0,4.0,-6.67,2.22,1.32,2.23,-5.35,4.45,114.5,111.3,121.0,109.1,100.7,96.7,0.256,0.257,0.344,0.384,0.551,0.536,12.2,14.2,31.6,28.1,0.305,0.211,71.5,79.3,Scotiabank Arena,Intuit Dome,96842.0,100235.0,6222,P,2.7,3.0,0.7,0.2,0.5,1.0,8.45,7.003046955909026,2.7,3.5,1.2,18.1,9.2,True,False,False,False,False,True,False,False,1.2969530440909747,15.303046955909027,11.715,0.95,1.0,1.1444,0.987,3.1109999999999998,1.388,0.32144005143040827,0.7204610951008646,0.357441337190614,0.8011527377521616,0.3599821755495911,-1.7723507452075542
114,nba.p.6417,Immanuel,Quickley,PG,TOR,LAC,TOR@LAC,10:30PM EST,32,22.4,INJ, ,2024-11-09,6417,0,Immanuel Quickley,114.44,121.19,111.84,109.3,2.0,5.0,7.0,4.0,3.0,5.0,6.0,4.0,-6.67,2.22,1.32,2.23,-5.35,4.45,114.5,111.3,121.0,109.1,100.7,96.7,0.256,0.257,0.344,0.384,0.551,0.536,12.2,14.2,31.6,28.1,0.305,0.211,71.5,79.3,Scotiabank Arena,Intuit Dome,96842.0,100235.0,6417,P,13.0,2.0,4.0,1.0,0.0,2.0,22.4,,,,,,,False,False,True,False,False,True,False,True,,,,0.95,1.0,1.1444,0.987,3.1109999999999998,1.388,0.32144005143040827,0.7204610951008646,0.357441337190614,0.8011527377521616,,
115,nba.p.6515,Scottie,Barnes,SF,TOR,LAC,TOR@LAC,10:30PM EST,43,41.0,INJ, ,2024-11-09,6515,0,Scottie Barnes,114.44,121.19,111.84,109.3,2.0,5.0,7.0,4.0,3.0,5.0,6.0,4.0,-6.67,2.22,1.32,2.23,-5.35,4.45,114.5,111.3,121.0,109.1,100.7,96.7,0.256,0.257,0.344,0.384,0.551,0.536,12.2,14.2,31.6,28.1,0.305,0.211,71.5,79.3,Scotiabank Arena,Intuit Dome,96842.0,100235.0,6515,P,19.3,7.8,6.0,2.0,0.5,4.0,41.16,,,,,,,False,False,False,True,False,True,True,False,,,,0.95,1.0,1.1444,0.987,3.1109999999999998,1.388,0.32144005143040827,0.7204610951008646,0.357441337190614,0.8011527377521616,,
116,nba.p.6551,Davion,Mitchell,PG,TOR,LAC,TOR@LAC,10:30PM EST,10,24.3, , ,2024-11-09,6551,0,Davion Mitchell,114.44,121.19,111.84,109.3,2.0,5.0,7.0,4.0,3.0,5.0,6.0,4.0,-6.67,2.22,1.32,2.23,-5.35,4.45,114.5,111.3,121.0,109.1,100.7,96.7,0.256,0.257,0.344,0.384,0.551,0.536,12.2,14.2,31.6,28.1,0.305,0.211,71.5,79.3,Scotiabank Arena,Intuit Dome,96842.0,100235.0,6551,P,10.0,2.2,6.3,1.1,0.4,2.6,23.99,7.329696067671868,34.6,29.2,29.299999999999997,24.1,27.9,False,False,True,False,False,True,False,True,16.970303932328132,31.62969606767187,40.405,0.95,1.0,1.1444,0.987,3.1109999999999998,1.388,0.32144005143040827,0.7204610951008646,0.357441337190614,0.8011527377521616,1.2415774479796184,-1.3126471331691838
117,nba.p.6625,D.J.,Carton,PG,TOR,LAC,TOR@LAC,10:30PM EST,10,3.6, , ,2024-11-09,6625,0,D.J. Carton,114.44,121.19,111.84,109.3,2.0,5.0,7.0,4.0,3.0,5.0,6.0,4.0,-6.67,2.22,1.32,2.23,-5.35,4.45,114.5,111.3,121.0,109.1,100.7,96.7,0.256,0.257,0.344,0.384,0.551,0.536,12.2,14.2,31.6,28.1,0.305,0.211,71.5,79.3,Scotiabank Arena,Intuit Dome,96842.0,100235.0,6625,P,0.8,1.0,0.8,0.5,0.0,1.0,3.7,,,,,,,False,False,True,False,False,True,False,True,,,,0.95,1.0,1.1444,0.987,3.1109999999999998,1.388,0.32144005143040827,0.7204610951008646,0.357441337190614,0.8011527377521616,,
118,nba.p.6704,Ochai,Agbaji,SF,TOR,LAC,TOR@LAC,10:30PM EST,12,26.1, , ,2024-11-09,6704,0,Ochai Agbaji,114.44,121.19,111.84,109.3,2.0,5.0,7.0,4.0,3.0,5.0,6.0,4.0,-6.67,2.22,1.32,2.23,-5.35,4.45,114.5,111.3,121.0,109.1,100.7,96.7,0.256,0.257,0.344,0.384,0.551,0.536,12.2,14.2,31.6,28.1,0.305,0.211,71.5,79.3,Scotiabank Arena,Intuit Dome,96842.0,100235.0,6704,P,13.0,4.4,2.0,1.3,0.6,0.9,26.08,7.3321968816386205,20.4,34.0,39.0,17.9,22.1,False,False,False,True,False,True,True,False,18.767803118361382,33.432196881638625,35.31,0.95,1.0,1.1444,0.987,3.1109999999999998,1.388,0.32144005143040827,0.7204610951008646,0.357441337190614,0.8011527377521616,0.9041805817794896,-1.4760753774535122
119,nba.p.10101,Gradey,Dick,SG,TOR,LAC,TOR@LAC,10:30PM EST,22,30.4, , ,2024-11-09,10101,0,Gradey Dick,114.44,121.19,111.84,109.3,2.0,5.0,7.0,4.0,3.0,5.0,6.0,4.0,-6.67,2.22,1.32,2.23,-5.35,4.45,114.5,111.3,121.0,109.1,100.7,96.7,0.256,0.257,0.344,0.384,0.551,0.536,12.2,14.2,31.6,28.1,0.305,0.211,71.5,79.3,Scotiabank Arena,Intuit Dome,96842.0,100235.0,10101,P,20.0,2.8,2.2,1.2,0.6,1.6,30.46,12.820989734719303,14.8,46.9,34.0,45.9,39.9,False,False,False,False,True,True,False,True,17.579010265280694,43.2209897347193,49.13,0.95,1.0,1.1444,0.987,3.1109999999999998,1.388,0.32144005143040827,0.7204610951008646,0.357441337190614,0.8011527377521616,0.6862190775133439,-2.1036996415395066
120,nba.p.10278,Ja'Kobe,Walter,SG,TOR,LAC,TOR@LAC,10:30PM EST,10,7.7,INJ, ,2024-11-09,10278,0,Ja'Kobe Walter,114.44,121.19,111.84,109.3,2.0,5.0,7.0,4.0,3.0,5.0,6.0,4.0,-6.67,2.22,1.32,2.23,-5.35,4.45,114.5,111.3,121.0,109.1,100.7,96.7,0.256,0.257,0.344,0.384,0.551,0.536,12.2,14.2,31.6,28.1,0.305,0.211,71.5,79.3,Scotiabank Arena,Intuit Dome,96842.0,100235.0,10278,P,2.5,2.8,0.8,0.0,0.3,0.0,7.96,,,,,,,False,False,False,False,True,True,False,True,,,,0.95,1.0,1.1444,0.987,3.1109999999999998,1.388,0.32144005143040827,0.7204610951008646,0.357441337190614,0.8011527377521616,,
121,nba.p.10325,Ulrich,Chomche,C,TOR,LAC,TOR@LAC,10:30PM EST,10,3.2, , ,2024-11-09,10325,0,Ulrich Chomche,114.44,121.19,111.84,109.3,2.0,5.0,7.0,4.0,3.0,5.0,6.0,4.0,-6.67,2.22,1.32,2.23,-5.35,4.45,114.5,111.3,121.0,109.1,100.7,96.7,0.256,0.257,0.344,0.384,0.551,0.536,12.2,14.2,31.6,28.1,0.305,0.211,71.5,79.3,Scotiabank Arena,Intuit Dome,96842.0,100235.0,10325,P,2.0,1.0,0.0,0.0,0.0,0.0,3.2,,,,,,,True,False,False,False,False,True,False,False,,,,0.95,1.0,1.1444,0.987,3.1109999999999998,1.388,0.32144005143040827,0.7204610951008646,0.357441337190614,0.8011527377521616,,
122,nba.p.10330,Jonathan,Mogbo,C,TOR,LAC,TOR@LAC,10:30PM EST,18,19.3,GTD, ,2024-11-09,10330,0,Jonathan Mogbo,114.44,121.19,111.84,109.3,2.0,5.0,7.0,4.0,3.0,5.0,6.0,4.0,-6.67,2.22,1.32,2.23,-5.35,4.45,114.5,111.3,121.0,109.1,100.7,96.7,0.256,0.257,0.344,0.384,0.551,0.536,12.2,14.2,31.6,28.1,0.305,0.211,71.5,79.3,Scotiabank Arena,Intuit Dome,96842.0,100235.0,10330,P,6.6,4.7,2.0,1.1,0.7,1.0,19.64,10.642302904499152,17.5,14.2,17.7,23.7,26.8,True,False,False,False,False,True,False,False,8.657697095500849,29.94230290449915,29.32,0.95,1.0,1.1444,0.987,3.1109999999999998,1.388,0.32144005143040827,0.7204610951008646,0.357441337190614,0.8011527377521616,0.5005300605640448,-2.048826847368136
123,nba.p.10333,Jamal,Shead,PG,TOR,LAC,TOR@LAC,10:30PM EST,13,14.8, , ,2024-11-09,10333,0,Jamal Shead,114.44,121.19,111.84,109.3,2.0,5.0,7.0,4.0,3.0,5.0,6.0,4.0,-6.67,2.22,1.32,2.23,-5.35,4.45,114.5,111.3,121.0,109.1,100.7,96.7,0.256,0.257,0.344,0.384,0.551,0.536,12.2,14.2,31.6,28.1,0.305,0.211,71.5,79.3,Scotiabank Arena,Intuit Dome,96842.0,100235.0,10333,P,6.4,1.1,4.4,0.4,0.2,1.7,14.42,6.339317348456727,11.2,17.9,8.0,5.7,24.9,False,False,True,False,False,True,False,True,8.460682651543273,21.13931734845673,20.910000000000004,0.95,1.0,1.1444,0.987,3.1109999999999998,1.388,0.32144005143040827,0.7204610951008646,0.357441337190614,0.8011527377521616,0.49425308058320705,-1.5916193636586724
124,nba.p.10391,Jamison,Battle,SF,TOR,LAC,TOR@LAC,10:30PM EST,10,11.6, , ,2024-11-09,10391,0,Jamison Battle,114.44,121.19,111.84,109.3,2.0,5.0,7.0,4.0,3.0,5.0,6.0,4.0,-6.67,2.22,1.32,2.23,-5.35,4.45,114.5,111.3,121.0,109.1,100.7,96.7,0.256,0.257,0.344,0.384,0.551,0.536,12.2,14.2,31.6,28.1,0.305,0.211,71.5,79.3,Scotiabank Arena,Intuit Dome,96842.0,100235.0,10391,P,6.4,2.9,0.9,0.0,0.3,0.3,11.83,5.402363900579608,9.4,7.4,14.7,3.5999999999999996,8.2,False,False,False,True,False,True,True,False,6.197636099420392,17.002363900579606,12.625,0.95,1.0,1.1444,0.987,3.1109999999999998,1.388,0.32144005143040827,0.7204610951008646,0.357441337190614,0.8011527377521616,0.38794493950606806,-1.52884308928075
125,nba.p.4163,P.J.,Tucker,PF,LAC,TOR,TOR@LAC,10:30PM EST,10,7.6,INJ, ,2024-11-09,4163,1,P.J. Tucker,111.84,109.3,114.44,121.19,5.0,2.0,4.0,7.0,5.0,3.0,4.0,6.0,2.22,-6.67,2.23,1.32,4.45,-5.35,111.3,114.5,109.1,121.0,96.7,100.7,0.257,0.256,0.384,0.344,0.536,0.551,14.2,12.2,28.1,31.6,0.211,0.305,79.3,71.5,Intuit Dome,Scotiabank Arena,100235.0,96842.0,4163,P,,,,,,,0.0,,,,,,,False,True,False,False,False,True,True,False,,,,0.95,1.0,1.1184,0.987,1.388,3.1109999999999998,0.7204610951008646,0.32144005143040827,0.8011527377521616,0.357441337190614,,
126,nba.p.4487,Nicolas,Batum,PF,LAC,TOR,TOR@LAC,10:30PM EST,16,13.4, , ,2024-11-09,4487,1,Nicolas Batum,111.84,109.3,114.44,121.19,5.0,2.0,4.0,7.0,5.0,3.0,4.0,6.0,2.22,-6.67,2.23,1.32,4.45,-5.35,111.3,114.5,109.1,121.0,96.7,100.7,0.257,0.256,0.384,0.344,0.536,0.551,14.2,12.2,28.1,31.6,0.211,0.305,79.3,71.5,Intuit Dome,Scotiabank Arena,100235.0,96842.0,4487,P,3.3,2.9,2.0,0.7,0.7,0.4,13.58,6.4649267418724685,3.8,18.4,7.2,12.4,24.5,False,True,False,False,False,True,True,False,6.935073258127532,19.86492674187247,19.765,0.95,1.0,1.1184,0.987,1.388,3.1109999999999998,0.7204610951008646,0.32144005143040827,0.8011527377521616,0.357441337190614,0.37096663416910025,-1.6946995539690453
127,nba.p.4563,James,Harden,PG,LAC,TOR,TOR@LAC,10:30PM EST,41,47.3, , ,2024-11-09,4563,1,James Harden,111.84,109.3,114.44,121.19,5.0,2.0,4.0,7.0,5.0,3.0,4.0,6.0,2.22,-6.67,2.23,1.32,4.45,-5.35,111.3,114.5,109.1,121.0,96.7,100.7,0.257,0.256,0.384,0.344,0.536,0.551,14.2,12.2,28.1,31.6,0.211,0.305,79.3,71.5,Intuit Dome,Scotiabank Arena,100235.0,96842.0,4563,P,20.9,7.7,9.2,1.8,1.1,5.3,47.34,8.325579726227947,37.8,37.8,42.6,54.1,62.5,False,False,True,False,False,True,False,True,38.974420273772054,55.62557972622794,69.1,0.95,1.0,1.1184,0.987,1.388,3.1109999999999998,0.7204610951008646,0.32144005143040827,0.8011527377521616,0.357441337190614,0.5061184907262248,-1.82322532724621
128,nba.p.4896,Kawhi,Leonard,PF,LAC,TOR,TOR@LAC,10:30PM EST,43,41.8,INJ, ,2024-11-09,4896,1,Kawhi Leonard,111.84,109.3,114.44,121.19,5.0,2.0,4.0,7.0,5.0,3.0,4.0,6.0,2.22,-6.67,2.23,1.32,4.45,-5.35,111.3,114.5,109.1,121.0,96.7,100.7,0.257,0.256,0.384,0.344,0.536,0.551,14.2,12.2,28.1,31.6,0.211,0.305,79.3,71.5,Intuit Dome,Scotiabank Arena,100235.0,96842.0,4896,P,,,,,,,0.0,,,,,,,False,True,False,False,False,True,True,False,,,,0.95,1.0,1.1184,0.987,1.388,3.1109999999999998,0.7204610951008646,0.32144005143040827,0.8011527377521616,0.357441337190614,,
129,nba.p.5506,Norman,Powell,SF,LAC,TOR,TOR@LAC,10:30PM EST,21,35.3, , ,2024-11-09,5506,1,Norman Powell,111.84,109.3,114.44,121.19,5.0,2.0,4.0,7.0,5.0,3.0,4.0,6.0,2.22,-6.67,2.23,1.32,4.45,-5.35,111.3,114.5,109.1,121.0,96.7,100.7,0.257,0.256,0.384,0.344,0.536,0.551,14.2,12.2,28.1,31.6,0.211,0.305,79.3,71.5,Intuit Dome,Scotiabank Arena,100235.0,96842.0,5506,P,25.7,3.4,2.3,1.1,0.2,2.0,35.13,8.127422715719911,48.4,36.2,36.7,31.4,29.4,False,False,False,True,False,True,True,False,27.172577284280088,43.427422715719906,52.915000000000006,0.95,1.0,1.1184,0.987,1.388,3.1109999999999998,0.7204610951008646,0.32144005143040827,0.8011527377521616,0.357441337190614,0.7566891719439776,-1.6478524821650349
130,nba.p.5636,Kris,Dunn,PG,LAC,TOR,TOR@LAC,10:30PM EST,13,17.8, , ,2024-11-09,5636,1,Kris Dunn,111.84,109.3,114.44,121.19,5.0,2.0,4.0,7.0,5.0,3.0,4.0,6.0,2.22,-6.67,2.23,1.32,4.45,-5.35,111.3,114.5,109.1,121.0,96.7,100.7,0.257,0.256,0.384,0.344,0.536,0.551,14.2,12.2,28.1,31.6,0.211,0.305,79.3,71.5,Intuit Dome,Scotiabank Arena,100235.0,96842.0,5636,P,6.7,4.0,2.4,1.0,0.2,1.0,17.7,7.925906888173744,5.1,16.7,22.1,22.8,13.8,False,False,True,False,False,True,False,True,9.874093111826257,25.725906888173746,22.245,0.95,1.0,1.1184,0.987,1.388,3.1109999999999998,0.7204610951008646,0.32144005143040827,0.8011527377521616,0.357441337190614,0.5138626726866301,-1.774293488685131
131,nba.p.5663,Ivica,Zubac,C,LAC,TOR,TOR@LAC,10:30PM EST,26,38.7, , ,2024-11-09,5663,1,Ivica Zubac,111.84,109.3,114.44,121.19,5.0,2.0,4.0,7.0,5.0,3.0,4.0,6.0,2.22,-6.67,2.23,1.32,4.45,-5.35,111.3,114.5,109.1,121.0,96.7,100.7,0.257,0.256,0.384,0.344,0.536,0.551,14.2,12.2,28.1,31.6,0.211,0.305,79.3,71.5,Intuit Dome,Scotiabank Arena,100235.0,96842.0,5663,P,16.7,12.8,3.0,0.7,0.8,2.1,38.96,9.74317424890084,43.5,32.3,34.6,28.4,38.9,True,False,False,False,False,True,False,False,28.956825751099164,48.443174248900846,53.545,0.95,1.0,1.1184,0.987,1.388,3.1109999999999998,0.7204610951008646,0.32144005143040827,0.8011527377521616,0.357441337190614,0.6184485684199956,-1.8928025827477262
132,nba.p.5747,Derrick,Jones Jr.,SF,LAC,TOR,TOR@LAC,10:30PM EST,15,20.4, , ,2024-11-09,5747,1,Derrick Jones Jr.,111.84,109.3,114.44,121.19,5.0,2.0,4.0,7.0,5.0,3.0,4.0,6.0,2.22,-6.67,2.23,1.32,4.45,-5.35,111.3,114.5,109.1,121.0,96.7,100.7,0.257,0.256,0.384,0.344,0.536,0.551,14.2,12.2,28.1,31.6,0.211,0.305,79.3,71.5,Intuit Dome,Scotiabank Arena,100235.0,96842.0,5747,P,11.0,3.7,1.1,1.2,0.3,1.3,20.29,7.634625072654191,22.8,21.8,17.4,3.5999999999999996,26.6,False,False,False,True,False,True,True,False,12.765374927345807,28.03462507265419,27.78,0.95,1.0,1.1184,0.987,1.388,3.1109999999999998,0.7204610951008646,0.32144005143040827,0.8011527377521616,0.357441337190614,0.5561590338324703,-1.7135596637935933
133,nba.p.6017,Mo,Bamba,C,LAC,TOR,TOR@LAC,10:30PM EST,10,14.2,INJ, ,2024-11-09,6017,1,Mo Bamba,111.84,109.3,114.44,121.19,5.0,2.0,4.0,7.0,5.0,3.0,4.0,6.0,2.22,-6.67,2.23,1.32,4.45,-5.35,111.3,114.5,109.1,121.0,96.7,100.7,0.257,0.256,0.384,0.344,0.536,0.551,14.2,12.2,28.1,31.6,0.211,0.305,79.3,71.5,Intuit Dome,Scotiabank Arena,100235.0,96842.0,6017,P,,,,,,,0.0,,,,,,,True,False,False,False,False,True,False,False,,,,0.95,1.0,1.1184,0.987,1.388,3.1109999999999998,0.7204610951008646,0.32144005143040827,0.8011527377521616,0.357441337190614,,
134,nba.p.6218,Kevin,Porter Jr.,PG,LAC,TOR,TOR@LAC,10:30PM EST,12,15.1, , ,2024-11-09,6218,1,Kevin Porter Jr.,111.84,109.3,114.44,121.19,5.0,2.0,4.0,7.0,5.0,3.0,4.0,6.0,2.22,-6.67,2.23,1.32,4.45,-5.35,111.3,114.5,109.1,121.0,96.7,100.7,0.257,0.256,0.384,0.344,0.536,0.551,14.2,12.2,28.1,31.6,0.211,0.305,79.3,71.5,Intuit Dome,Scotiabank Arena,100235.0,96842.0,6218,P,7.0,3.4,2.6,0.8,0.1,2.6,15.08,7.4279502182260515,10.0,6.9,27.1,15.8,24.0,False,False,True,False,False,True,False,True,7.672049781773948,22.527950218226053,21.725,0.95,1.0,1.1184,0.987,1.388,3.1109999999999998,0.7204610951008646,0.32144005143040827,0.8011527377521616,0.357441337190614,0.5436714817319304,-1.697389931147243
135,nba.p.6236,Terance,Mann,SF,LAC,TOR,TOR@LAC,10:30PM EST,15,13.7, , ,2024-11-09,6236,1,Terance Mann,111.84,109.3,114.44,121.19,5.0,2.0,4.0,7.0,5.0,3.0,4.0,6.0,2.22,-6.67,2.23,1.32,4.45,-5.35,111.3,114.5,109.1,121.0,96.7,100.7,0.257,0.256,0.384,0.344,0.536,0.551,14.2,12.2,28.1,31.6,0.211,0.305,79.3,71.5,Intuit Dome,Scotiabank Arena,100235.0,96842.0,6236,P,5.2,3.6,2.0,0.6,0.0,0.4,13.92,6.714619208198712,12.5,15.4,8.9,23.2,18.8,False,False,False,True,False,True,True,False,6.985380791801287,20.41461920819871,23.255,0.95,1.0,1.1184,0.987,1.388,3.1109999999999998,0.7204610951008646,0.32144005143040827,0.8011527377521616,0.357441337190614,0.465567974505907,-1.6608742640241076
136,nba.p.6315,Amir,Coffey,SG,LAC,TOR,TOR@LAC,10:30PM EST,10,14.7, , ,2024-11-09,6315,1,Amir Coffey,111.84,109.3,114.44,121.19,5.0,2.0,4.0,7.0,5.0,3.0,4.0,6.0,2.22,-6.67,2.23,1.32,4.45,-5.35,111.3,114.5,109.1,121.0,96.7,100.7,0.257,0.256,0.384,0.344,0.536,0.551,14.2,12.2,28.1,31.6,0.211,0.305,79.3,71.5,Intuit Dome,Scotiabank Arena,100235.0,96842.0,6315,P,9.4,2.2,0.7,0.7,0.0,0.4,14.79,8.154753215150047,19.7,14.6,32.7,7.199999999999999,8.2,False,False,False,False,True,True,False,True,6.545246784849953,22.854753215150048,20.195,0.95,1.0,1.1184,0.987,1.388,3.1109999999999998,0.7204610951008646,0.32144005143040827,0.8011527377521616,0.357441337190614,0.6064595943977722,-1.7402404735381698
137,nba.p.6561,Kai,Jones,C,LAC,TOR,TOR@LAC,10:30PM EST,10,7.2, , ,2024-11-09,6561,1,Kai Jones,111.84,109.3,114.44,121.19,5.0,2.0,4.0,7.0,5.0,3.0,4.0,6.0,2.22,-6.67,2.23,1.32,4.45,-5.35,111.3,114.5,109.1,121.0,96.7,100.7,0.257,0.256,0.384,0.344,0.536,0.551,14.2,12.2,28.1,31.6,0.211,0.305,79.3,71.5,Intuit Dome,Scotiabank Arena,100235.0,96842.0,6561,P,2.4,2.0,0.4,0.0,0.8,0.4,7.4,6.375721247715542,1.0,3.0,9.9,4.4,20.5,True,False,False,False,False,True,False,False,0.8242787522844583,13.575721247715542,10.5,0.95,1.0,1.1184,0.987,1.388,3.1109999999999998,0.7204610951008646,0.32144005143040827,0.8011527377521616,0.357441337190614,0.3153169468272646,-1.7241160329532454
138,nba.p.6568,Bones,Hyland,PG,LAC,TOR,TOR@LAC,10:30PM EST,12,5.6, , ,2024-11-09,6568,1,Bones Hyland,111.84,109.3,114.44,121.19,5.0,2.0,4.0,7.0,5.0,3.0,4.0,6.0,2.22,-6.67,2.23,1.32,4.45,-5.35,111.3,114.5,109.1,121.0,96.7,100.7,0.257,0.256,0.384,0.344,0.536,0.551,14.2,12.2,28.1,31.6,0.211,0.305,79.3,71.5,Intuit Dome,Scotiabank Arena,100235.0,96842.0,6568,P,2.5,0.5,0.0,0.5,0.5,0.5,5.6,,,,,,,False,False,True,False,False,True,False,True,,,,0.95,1.0,1.1184,0.987,1.388,3.1109999999999998,0.7204610951008646,0.32144005143040827,0.8011527377521616,0.357441337190614,,
139,nba.p.10084,Jordan,Miller,SG,LAC,TOR,TOR@LAC,10:30PM EST,10,-1.0, , ,2024-11-09,10084,1,Jordan Miller,111.84,109.3,114.44,121.19,5.0,2.0,4.0,7.0,5.0,3.0,4.0,6.0,2.22,-6.67,2.23,1.32,4.45,-5.35,111.3,114.5,109.1,121.0,96.7,100.7,0.257,0.256,0.384,0.344,0.536,0.551,14.2,12.2,28.1,31.6,0.211,0.305,79.3,71.5,Intuit Dome,Scotiabank Arena,100235.0,96842.0,10084,P,0.5,0.0,0.0,0.0,0.0,1.0,-0.5,,,,,,,False,False,False,False,True,True,False,True,,,,0.95,1.0,1.1184,0.987,1.388,3.1109999999999998,0.7204610951008646,0.32144005143040827,0.8011527377521616,0.357441337190614,,
140,nba.p.10117,Kobe,Brown,PF,LAC,TOR,TOR@LAC,10:30PM EST,10,2.4, , ,2024-11-09,10117,1,Kobe Brown,111.84,109.3,114.44,121.19,5.0,2.0,4.0,7.0,5.0,3.0,4.0,6.0,2.22,-6.67,2.23,1.32,4.45,-5.35,111.3,114.5,109.1,121.0,96.7,100.7,0.257,0.256,0.384,0.344,0.536,0.551,14.2,12.2,28.1,31.6,0.211,0.305,79.3,71.5,Intuit Dome,Scotiabank Arena,100235.0,96842.0,10117,P,1.0,0.5,0.5,0.0,0.0,0.0,2.35,,,,,,,False,True,False,False,False,True,True,False,,,,0.95,1.0,1.1184,0.987,1.388,3.1109999999999998,0.7204610951008646,0.32144005143040827,0.8011527377521616,0.357441337190614,,
141,nba.p.10337,Cam,Christie,SG,LAC,TOR,TOR@LAC,10:30PM EST,10,0.0, , ,2024-11-09,10337,1,Cam Christie,111.84,109.3,114.44,121.19,5.0,2.0,4.0,7.0,5.0,3.0,4.0,6.0,2.22,-6.67,2.23,1.32,4.45,-5.35,111.3,114.5,109.1,121.0,96.7,100.7,0.257,0.256,0.384,0.344,0.536,0.551,14.2,12.2,28.1,31.6,0.211,0.305,79.3,71.5,Intuit Dome,Scotiabank Arena,100235.0,96842.0,10337,P,,,,,,,0.0,,,,,,,False,False,False,False,True,True,False,True,,,,0.95,1.0,1.1184,0.987,1.388,3.1109999999999998,0.7204610951008646,0.32144005143040827,0.8011527377521616,0.357441337190614,,
142,nba.p.10395,Trentyn,Flowers,SG,LAC,TOR,TOR@LAC,10:30PM EST,10,0.0, , ,2024-11-09,10395,1,Trentyn Flowers,111.84,109.3,114.44,121.19,5.0,2.0,4.0,7.0,5.0,3.0,4.0,6.0,2.22,-6.67,2.23,1.32,4.45,-5.35,111.3,114.5,109.1,121.0,96.7,100.7,0.257,0.256,0.384,0.344,0.536,0.551,14.2,12.2,28.1,31.6,0.211,0.305,79.3,71.5,Intuit Dome,Scotiabank Arena,100235.0,96842.0,10395,P,,,,,,,0.0,,,,,,,False,False,False,False,True,True,False,True,,,,0.95,1.0,1.1184,0.987,1.388,3.1109999999999998,0.7204610951008646,0.32144005143040827,0.8011527377521616,0.357441337190614,,
